commodity,state,date,modal_price,price_pct_change,price_rolling_avg_7d,price_rolling_avg_30d,price_volatility_7d
Wheat,Punjab,2026-01-08,2002.423976825024,0.06986152511087766,2004.6802700898597,1986.8100240675244,8.106093002579536
Wheat,Punjab,2026-01-09,2024.4602334855322,0.027226904653598095,2022.8511461798787,2026.3812114836196,2.42514045503898
Wheat,Punjab,2026-01-10,2023.0966191103096,-0.04406428577431759,2026.0656254773048,2022.5531654182694,7.101861221491456
Wheat,Punjab,2026-01-11,2025.5567292041821,-0.05424890628076018,2023.336755656876,2046.5563455209067,2.738746493079869
Wheat,Punjab,2026-01-12,1996.230024850133,-0.022522845309932454,2005.4952273850697,1982.900352419433,6.892345629470168
Wheat,Punjab,2026-01-13,2018.2449908663073,-0.03029925664568764,2016.5067786240616,2014.4999764088802,9.114800455962119
Wheat,Punjab,2026-01-14,2023.9299749731888,0.033659936327435476,2023.3609434439231,2027.8665605760907,2.6889689386633187
Wheat,Punjab,2026-01-15,2020.222546414346,-0.03702540851251539,2017.3763235444935,2039.2944462141968,1.9453271293037635
Wheat,Punjab,2026-01-16,2013.4096737870298,-0.0018001473994263787,2010.165224039161,2016.209596116863,3.663070072058792
Wheat,Punjab,2026-01-17,2002.1668672451153,0.004100659854851421,2004.5644118585653,2011.2530395734484,6.693087252925908
Wheat,Punjab,2026-01-18,2007.5317516233938,0.00041276847382486616,2005.2554404710147,2026.0462547884517,2.959682230802836
Wheat,Punjab,2026-01-19,2007.8492916893747,0.029861740028711472,2006.156002585386,2014.7321088202953,5.154780638773388
Wheat,Punjab,2026-01-20,2008.5949974473176,-0.001281411022786524,2014.7763490844866,2001.6420889390788,4.728456621204286
Wheat,Punjab,2026-01-21,2024.5826496129766,0.03041192906452252,2019.2075551812895,2028.745312286155,2.2778176981112033
Wheat,Punjab,2026-01-22,2018.6227893949003,-0.06950880393157394,2023.984245588677,2025.1874789337555,3.6477556711073964
Wheat,Punjab,2026-01-23,2011.0627135908774,0.009061015479551161,2011.4411481505479,2020.18635100828,5.832577726443014
Wheat,Punjab,2026-01-24,1995.168563308417,0.017416355306031195,1999.9721957393137,2001.5837588332938,6.346421702406602
Wheat,Punjab,2026-01-25,1973.5555572129924,0.025367188895717444,1970.4085622698597,1962.37975039807,6.151411181414195
Wheat,Punjab,2026-01-26,1980.7838641753178,0.0378618172988861,1984.6055789666077,1963.3791406347957,7.3875747572998485
Wheat,Punjab,2026-01-27,1969.7064976438726,0.031541381040321136,1971.4837893704178,1960.090227187558,3.6411126961319145
Wheat,Punjab,2026-01-28,1972.0240885688695,-0.0037545450122596323,1969.0179889547323,1965.661258841997,6.251723734707765
Wheat,Punjab,2026-01-29,1977.7759403864789,0.05303758558723401,1988.8259507310477,1979.4466721688534,4.321435446953588
Wheat,Punjab,2026-01-30,1961.0689043637224,-0.017619773908707583,1962.132779199906,1973.9606130031393,7.053660348295251
Wheat,Punjab,2026-01-31,1949.1596523031767,-0.05195221513146018,1948.8522092740795,1948.0800155481877,2.8074227596221837
Wheat,Punjab,2026-02-01,1952.6196530010611,-0.011682413540265254,1954.7694343111839,1939.2007670737305,3.393071014463011
Wheat,Punjab,2026-02-02,1988.2268803852248,0.053051621732265145,1987.2340207442905,1980.7275845830625,0.9271032955818077
Wheat,Punjab,2026-02-03,2001.5060372350092,0.021778579578294478,1997.8496736049528,1997.293842741587,4.781187004826561
Wheat,Punjab,2026-02-04,2011.088662557092,0.008276602012208282,2005.3517497551898,2009.2180107339452,5.528983455258584
Wheat,Punjab,2026-02-05,1995.4404697563311,0.10456929058392042,1995.6524866186576,1989.2177235495915,4.895384281822403
Wheat,Punjab,2026-02-06,2005.3500548186103,0.02896016199504613,2005.6508227707725,2022.267160149575,2.549211884615588
Wheat,Punjab,2026-02-07,2040.0006623739043,-0.05567270565442756,2046.5527155222007,2037.6518167096028,5.3289160966015965
Wheat,Punjab,2026-02-08,2020.3296995745877,-0.09712001621295377,2028.8000155877653,2023.2384878218995,2.00336978982103
Wheat,Punjab,2026-02-09,2029.1165543455968,-0.09731316616088247,2026.1284561076973,2035.9462209499272,3.239086718513788
Wheat,Punjab,2026-02-10,2054.9119385171,-0.026042195959866274,2068.6203818859976,2061.2142598771657,5.237033308139276
Wheat,Punjab,2026-02-11,2024.4774412835473,0.07330035962726976,2026.239471313644,2033.1659501573351,4.674753650339727
Wheat,Punjab,2026-02-12,2005.7998606157614,-0.03370749737402944,2009.6970064306558,2014.8589591416035,2.834684965851468
Wheat,Punjab,2026-02-13,2022.017441391201,0.010807492222597423,2025.0961750767567,2028.1880749208476,5.421297055993737
Wheat,Punjab,2026-02-14,2008.108972435678,0.016689988041861725,2005.7821287249794,2004.072584078365,8.160131868979013
Wheat,Punjab,2026-02-15,1997.3106048894467,-0.05195650766049789,1999.9536523367483,1988.9199807110913,6.620604094424593
Wheat,Punjab,2026-02-16,1995.9655843930857,0.011239271423632395,1996.855263308747,1980.0590255256595,7.2811415426323585
Wheat,Punjab,2026-02-17,2004.5766041690426,-0.1378176248821918,2002.16837219684,2013.6523143723452,7.879021206565671
Wheat,Punjab,2026-02-18,1998.7519347701482,0.03162762014682335,1994.865563129619,2008.5608076029207,6.083135001027559
Wheat,Punjab,2026-02-19,2003.563733550053,0.0069339250348139335,2002.0497378712569,2010.3381286228334,4.024528961312895
Wheat,Punjab,2026-02-20,2006.2472031261675,0.038975306466750875,2011.8669965670003,2023.6802584418244,1.750610195227317
Wheat,Punjab,2026-02-21,1997.6015252894056,0.05634295570089303,1988.9504896092765,1999.6502720290187,2.9320973115607942
Wheat,Punjab,2026-02-22,1992.6361040640595,-0.13725370504736223,1995.0892865040962,1995.2011404003229,3.1744960771362276
Wheat,Punjab,2026-02-23,2009.2455833742017,-0.025829373622379817,2007.5388850634133,2022.8566184969654,2.369017568434128
Wheat,Punjab,2026-02-24,2025.8005747392988,0.027806595185537877,2022.8838745788166,2015.3329732901711,3.2406960991806293
Wheat,Punjab,2026-02-25,2012.0705414408433,-0.09691215194254234,2011.9071315408917,2013.9114088108872,5.276584115677617
Wheat,Punjab,2026-02-26,2010.8652862320146,0.08091289006557992,2010.3963452086837,2014.2034208728005,8.181285677722773
Wheat,Punjab,2026-02-27,2002.5450276484346,0.009551822269420432,2006.7460016426037,1993.8441794955006,4.282012994509349
Wheat,Punjab,2026-02-28,1973.9486459418633,-0.024845885376357724,1975.5849242216461,1971.8105171249326,2.5150484469407477
Wheat,Punjab,2026-03-01,1980.13699271228,-0.029908898191947655,1975.961076351806,1964.4650386378732,7.059932067653383
Wheat,Punjab,2026-03-02,1969.7672964703384,-0.0013321126114594207,1970.0986830050667,1974.930317806678,2.94965057837481
Wheat,Punjab,2026-03-03,1960.2744875583726,0.0398983261170226,1959.688514105705,1969.4392302966712,8.442807527959388
Wheat,Punjab,2026-03-04,1987.9468049276225,-0.13502450272541094,1982.8070111482557,1990.7133191325663,5.348092687387663
Wheat,Punjab,2026-03-05,1990.7298248206573,-0.06979393721439447,2000.0829042035648,1989.7040388375483,4.595408205207376
Wheat,Punjab,2026-03-06,1995.9668110431162,-0.0431820858714829,1992.0923327323665,2003.02840653727,3.890196257533754
Wheat,Punjab,2026-03-07,1997.0079469904529,0.04552434915675391,2001.4703424625825,1993.4418228071002,3.7562777165754495
Wheat,Punjab,2026-03-08,1989.3037070703422,-0.029609893760903477,1988.63956697367,1980.875087220193,3.5580475534160967
Wheat,Punjab,2026-03-09,1979.4478096456185,-0.005171320828132968,1976.812787305197,1971.142789585257,9.451924749336204
Wheat,Punjab,2026-03-10,1993.9489178902186,0.08372796882504935,1988.3249617115093,2011.4197591085526,7.522964708201142
Wheat,Punjab,2026-03-11,1990.9638685766067,-0.07114314424973776,1984.5819345608081,1990.412555594029,5.871000614531297
Wheat,Punjab,2026-03-12,1998.0838031167439,-0.0363654950156306,2006.3416380587116,1988.757618622874,7.248652610936571
Wheat,Punjab,2026-03-13,2008.1438900523467,-0.022162920814907908,2000.4249343838987,2005.1131762970324,6.408315015458088
Wheat,Punjab,2026-03-14,2000.5074094686336,0.030418257599924937,2006.1944207635177,2002.9259975857685,3.9796581406904123
Wheat,Punjab,2026-03-15,1980.2062630491873,-0.025006970128833073,1973.2674647587596,1969.7033249792105,1.2145186668936057
Wheat,Punjab,2026-03-16,1976.2990747162805,-0.050528333516420054,1980.7432152622482,1970.5023486299572,3.729660198797916
Wheat,Punjab,2026-03-17,2007.3619095545025,0.06796644939760553,2004.8887590596073,2002.7320489866759,5.433913097893805
Wheat,Punjab,2026-03-18,2015.0137444624736,0.015206037763402486,2011.7248077937318,2008.2719753461033,6.272564871085409
Wheat,Punjab,2026-03-19,1994.5967230881154,0.08558860663064145,1995.003843734501,1988.4571503975592,3.913377960385915
Wheat,Punjab,2026-03-20,1979.547671630664,-0.1047814928397447,1991.3768492066408,1996.493008072164,1.0936869388128345
Wheat,Punjab,2026-03-21,1974.814486369504,-0.046657478003738144,1985.1481922109135,1975.9041096425944,6.644562409553421
Wheat,Punjab,2026-03-22,1984.1942960532367,0.018252115478669548,1978.7063188489976,1990.2181791143928,4.48346663589043
Wheat,Punjab,2026-03-23,1996.279210042501,0.05766284281985232,2004.7553305058389,1986.010716067462,6.620878654783929
Wheat,Punjab,2026-03-24,2011.9763224453768,-0.07400503458280143,2020.5917712103121,2026.1353793283442,7.987665458489262
Wheat,Punjab,2026-03-25,2033.7979346609095,-0.013505260317849125,2029.5987261359728,2023.3363796826475,6.260256609076002
Wheat,Punjab,2026-03-26,2021.9976195659256,0.02814109743314071,2016.922598276865,2022.732514081822,1.3898383479520993
Wheat,Punjab,2026-03-27,1990.641364106104,-0.11891130392472207,1997.8376714112371,1972.1510233335432,3.389109327162969
Wheat,Punjab,2026-03-28,1982.1553207448114,-0.04180930339174694,1981.108419876593,1968.875264889463,5.272323792521037
Wheat,Punjab,2026-03-29,1983.5963500835553,-0.055380068299600016,1983.0997262302892,1991.428315582218,8.685048952653045
Wheat,Punjab,2026-03-30,2000.5835116330268,0.09904226170522673,2002.011181574737,2008.011193868613,6.143326879621198
Wheat,Punjab,2026-03-31,1990.0761127899782,-0.06259430580223578,1984.5623314324844,1988.5551284549974,7.365932616764043
Wheat,Punjab,2026-04-01,1976.1032208529148,-0.014541636995781948,1982.5644019052907,1989.635912685061,6.226346113875806
Wheat,Punjab,2026-04-02,1993.8931474768717,-0.003265700361261228,1997.326178102592,1993.5376136149182,4.078878973969263
Wheat,Punjab,2026-04-03,1980.502770449028,0.03866698538866916,1975.1723326737792,1965.2510225046017,6.663151741133421
Wheat,Punjab,2026-04-04,1985.2134994235398,0.10452917027567309,1984.8514209893715,1982.8879659094814,7.059449804184899
Wheat,Punjab,2026-04-05,1961.3245382122236,-0.03078316128147984,1953.111184306566,1958.240638999612,7.707839405334758
Wheat,Punjab,2026-04-06,1930.8091724270746,-0.0753399176430247,1931.1214707161516,1925.8409962262833,6.78536542797755
Wheat,Punjab,2026-04-07,1903.8366897480653,-0.05000653611807333,1901.8245156674477,1920.0420990625994,1.575707780899056
Wheat,Punjab,2026-04-08,1887.1875894244477,-0.008205808088814468,1888.6207632210899,1882.9141818575642,5.277942843209265
Wheat,Punjab,2026-04-09,1871.3963062541677,0.004508337718217833,1869.7780482225935,1868.906411133325,5.319953675697096
Wheat,Punjab,2026-04-10,1857.0558337833845,-0.023878741596771197,1856.13167636344,1863.1795222884186,5.727721789005714
Wheat,Punjab,2026-04-11,1881.7991357935284,0.014801916445035344,1877.285559504807,1882.4882269437821,0.026006086766718894
Wheat,Punjab,2026-04-12,1878.2893522184909,0.0899953597140905,1880.4557051922816,1875.1993833198226,2.060991803951355
Wheat,Punjab,2026-04-13,1878.3925049787392,0.0487727150631162,1879.3682453892452,1898.7079093523246,4.073467728568854
Wheat,Punjab,2026-04-14,1853.4804713802685,-0.04093314718835384,1847.2715206613889,1867.663558584426,7.225992724716827
Wheat,Punjab,2026-04-15,1857.9974765353686,0.033080939680778375,1861.3842501538913,1858.2642294545808,7.198457063202534
Wheat,Punjab,2026-04-16,1875.551216832835,-0.0006323948524885555,1872.2756951742647,1880.9109142522723,8.820696052564154
Wheat,Punjab,2026-04-17,1885.581312219004,-0.027114354968449435,1881.3671285023904,1872.419649837363,5.276409167299455
Wheat,Haryana,2026-01-08,1896.0970723893167,0.07481335952190825,1899.1383490187366,1874.6627182440532,1.7542590596152268
Wheat,Haryana,2026-01-09,1868.4648386936556,-0.0901597968850436,1856.2946166231843,1848.642884445486,3.4690879131361214
Wheat,Haryana,2026-01-10,1879.7929670773024,0.04996660232376412,1882.4699374428117,1885.5996312308134,7.932658545335594
Wheat,Haryana,2026-01-11,1888.252730799886,0.033209227987332245,1893.2961939933425,1882.5005520877107,4.421377511060864
Wheat,Haryana,2026-01-12,1877.2922485002794,0.09918105104556178,1881.796927630286,1877.9258001532153,5.335711965543766
Wheat,Haryana,2026-01-13,1878.6292903086037,-0.057061363700543245,1872.8202775606055,1882.9321528504336,1.9702215219474346
Wheat,Haryana,2026-01-14,1901.4798567011433,-0.026938134246797363,1897.7237104585902,1901.8079314993463,3.794503338302939
Wheat,Haryana,2026-01-15,1891.8602770588006,0.052609289384583584,1893.7525958807735,1900.152952016891,6.3960164610625405
Wheat,Haryana,2026-01-16,1921.2153035344577,0.10319132399535316,1928.5868590545529,1945.6177218155667,7.073872069993259
Wheat,Haryana,2026-01-17,1924.8316256120129,-0.06955878677733064,1925.5405761545826,1912.9445638206678,4.380206157412432
Wheat,Haryana,2026-01-18,1935.991645910378,-0.03865574962483761,1936.4367938685411,1935.7744084242945,5.08836131913889
Wheat,Haryana,2026-01-19,1953.1089570035995,0.038310238954936474,1946.891078016277,1961.7721898481316,3.2422033011735314
Wheat,Haryana,2026-01-20,1943.6850336629375,0.02516334615495075,1944.5530458577118,1945.6334851322495,9.108012458326481
Wheat,Haryana,2026-01-21,1956.3391690263613,-0.016887161187114568,1953.4120913050856,1955.454447687766,4.292642405299324
Wheat,Haryana,2026-01-22,1967.571227281414,-0.012642330280932824,1975.455629050429,1964.0889126590935,5.606755934948589
Wheat,Haryana,2026-01-23,1955.7060854813417,-0.01988101707159979,1947.3680491691928,1972.8722938505443,8.199497286927958
Wheat,Haryana,2026-01-24,1925.0795153455524,-0.06571279912196573,1931.5298989973508,1913.9359214217097,6.945524149812617
Wheat,Haryana,2026-01-25,1925.1519964369165,0.08610616857610709,1933.5367771764547,1929.457444407502,3.255904918901117
Wheat,Haryana,2026-01-26,1919.8040417936097,-0.028463340825788847,1925.366989727837,1928.3631716778646,6.228397422829676
Wheat,Haryana,2026-01-27,1932.6303888941734,0.030038386387405136,1937.8509430150434,1943.5561188141212,4.008413206580083
Wheat,Haryana,2026-01-28,1916.1242714035373,0.08944802671228072,1925.0272982052622,1912.744278644926,4.666141767306731
Wheat,Haryana,2026-01-29,1917.7674479592881,0.04264886625084596,1924.4637576039026,1917.131633748112,6.269383699813611
Wheat,Haryana,2026-01-30,1924.516723672252,0.018796669852398525,1930.2501615946226,1941.7412792888276,3.3764584830138658
Wheat,Haryana,2026-01-31,1914.2629731498034,-0.016704452010895647,1910.486440840778,1916.860969651586,6.844376122386338
Wheat,Haryana,2026-02-01,1912.4744247783538,-0.029732866601804093,1917.8885386610168,1937.6463378086494,5.3817491874234165
Wheat,Haryana,2026-02-02,1910.7588552484847,-0.07500076704937039,1909.062961728907,1905.6648849971627,4.072813767922973
Wheat,Haryana,2026-02-03,1938.1920270810122,-0.04508518710152426,1938.6036888929427,1925.874563114875,2.6994570575703745
Wheat,Haryana,2026-02-04,1943.8611856569196,0.06995562753685461,1940.000444016197,1951.1113952433059,1.445794078174178
Wheat,Haryana,2026-02-05,1941.6915517717757,0.03868723829048247,1934.478686658177,1947.064949368438,5.707546624711569
Wheat,Haryana,2026-02-06,1932.3729080156436,-0.021208898506910483,1931.6448362018855,1932.1876529895708,4.983935770682707
Wheat,Haryana,2026-02-07,1926.4365336300023,-0.07797548470801541,1922.3875710819727,1921.9586683956015,4.473766344208196
Wheat,Haryana,2026-02-08,1935.914716045092,0.011630133221055418,1939.388699390888,1941.3081747835379,2.552091849547864
Wheat,Haryana,2026-02-09,1945.7342171603245,-0.014898870366301857,1945.1276419604437,1940.6662830660669,4.443918460072804
Wheat,Haryana,2026-02-10,1959.0329592135042,-0.10168605830001885,1962.8644170578157,1953.449731820992,2.831413637635289
Wheat,Haryana,2026-02-11,1968.481624839654,0.09062136233159014,1965.2951152342682,1966.7551984810025,6.170274928105622
Wheat,Haryana,2026-02-12,1973.1228316755828,0.06926459177303056,1966.103083639918,1977.700811420805,5.186188519003219
Wheat,Haryana,2026-02-13,1970.842394646628,0.062099811936078164,1967.2925927963972,1965.9233208286496,6.84872084337143
Wheat,Haryana,2026-02-14,1939.8262318658733,0.002674716673735221,1941.0194954310653,1950.9336710016314,1.5286144711032148
Wheat,Haryana,2026-02-15,1924.9938037979232,-0.015090546209800871,1921.4007597533268,1939.1765656547186,6.4872402635719055
Wheat,Haryana,2026-02-16,1925.7565563800283,0.09542927870570116,1928.6743154183696,1929.2979807102495,5.4499530589909195
Wheat,Haryana,2026-02-17,1920.4453545177628,0.0552822376888426,1925.925044475067,1890.515087473469,4.075044046267127
Wheat,Haryana,2026-02-18,1924.6439978935082,0.03597015305376437,1921.9290354128334,1939.721381228522,4.2121636313430715
Wheat,Haryana,2026-02-19,1910.3148080079561,0.07331560452509807,1909.040894760914,1910.9091690961354,7.600124324607657
Wheat,Haryana,2026-02-20,1911.1909409242344,0.026833658562639202,1913.8723288727092,1914.0505018518386,2.9724014414544038
Wheat,Haryana,2026-02-21,1897.1043186895072,-0.02260717973585498,1904.6042096651242,1892.062173983038,5.265718890046729
Wheat,Haryana,2026-02-22,1888.7544123646637,0.035642329092128465,1887.1722539082625,1877.693473928619,3.0250310257614794
Wheat,Haryana,2026-02-23,1873.6949948304634,-0.025005419425348466,1875.6461198644758,1877.8014966942924,4.757572133753707
Wheat,Haryana,2026-02-24,1883.0204717594738,-0.020228390959053773,1885.5241197944163,1906.2799956547974,1.7615837897833266
Wheat,Haryana,2026-02-25,1899.8671031843057,-0.03528922000354098,1894.8452888939844,1892.8407286848362,4.435224652206477
Wheat,Haryana,2026-02-26,1888.5207489405134,-0.034054643023541185,1887.3827750365529,1897.894380820626,6.079048017624568
Wheat,Haryana,2026-02-27,1924.496399230334,-0.03434622772435756,1923.1545581529344,1931.1139261462524,3.6971540664979248
Wheat,Haryana,2026-02-28,1936.8478968123864,0.039343606251688215,1938.7206333372021,1943.6377226317536,6.085795318947666
Wheat,Haryana,2026-03-01,1926.023594114208,-0.06252439402226785,1925.0826653029326,1930.1154971040899,6.767716050427157
Wheat,Haryana,2026-03-02,1906.2087392724804,0.07525174039402834,1905.5303737458005,1899.0827578525077,6.172781672326238
Wheat,Haryana,2026-03-03,1914.260139683128,0.0004628562758063367,1910.403212408755,1934.1660975465345,6.2198862014353145
Wheat,Haryana,2026-03-04,1928.9724807819,0.06992257089546373,1924.0794276073643,1900.4329867850379,7.108745674675957
Wheat,Haryana,2026-03-05,1923.53317193697,0.09410673961890474,1938.162854520277,1912.4594292318848,6.2986475767830665
Wheat,Haryana,2026-03-06,1943.90733019735,0.00423008730639302,1942.931094380416,1934.5269596738601,4.694849884223091
Wheat,Haryana,2026-03-07,1918.3204517334593,-0.024506404506616508,1926.4771720668664,1942.5092198413956,5.241169142045723
Wheat,Haryana,2026-03-08,1914.046962508712,-0.04351875925605159,1906.3050442651333,1902.987870277848,6.333595277160516
Wheat,Haryana,2026-03-09,1890.8446683999625,-0.03502892793141559,1886.1614120722593,1891.324588079808,3.424147550190637
Wheat,Haryana,2026-03-10,1892.6797927792175,-0.07709665705043167,1899.6868420434541,1888.2378844893865,7.410648666223212
Wheat,Haryana,2026-03-11,1897.3839069481987,-0.011812706478779581,1902.5427421469315,1894.0764634040374,4.753503330659864
Wheat,Haryana,2026-03-12,1896.668759408228,0.040042823598839976,1894.514245666472,1902.778014268164,5.064790814526693
Wheat,Haryana,2026-03-13,1896.9604885326737,-0.048434982291760596,1898.3350048754871,1906.1120388309175,6.723117675137627
Wheat,Haryana,2026-03-14,1884.7065152228963,-0.0653161793445683,1877.8718104193008,1869.7802692911525,5.967088023889085
Wheat,Haryana,2026-03-15,1864.8226513656657,-0.004937958094398372,1857.156108761575,1867.2573703879177,2.7889117032876247
Wheat,Haryana,2026-03-16,1879.7380488693975,-0.04691427214787508,1885.9614573561157,1879.0917574106795,3.3250599398165503
Wheat,Haryana,2026-03-17,1895.5461167876683,0.01126034334606076,1898.6724227431582,1896.3683447836781,5.422942636009102
Wheat,Haryana,2026-03-18,1893.6164332439714,-0.01983602636637266,1900.6741517113105,1906.000419600079,2.8138163972872996
Wheat,Haryana,2026-03-19,1901.5534030219555,0.003832292134641087,1909.8155151671501,1912.2418455876877,5.6443679307501275
Wheat,Haryana,2026-03-20,1891.6194740024268,-0.02168860878793963,1894.6537395554328,1897.4358281808948,3.556719501199611
Wheat,Haryana,2026-03-21,1880.0772663753942,-0.030994951470787,1882.0792107375205,1882.709792362891,7.620071398885679
Wheat,Haryana,2026-03-22,1872.9779130590355,-0.05914949295059351,1877.039187789973,1873.3352834132083,5.886922031446285
Wheat,Haryana,2026-03-23,1847.2638835311668,-0.01011912919115968,1839.0928349497585,1839.6850952977093,1.8487108444033802
Wheat,Haryana,2026-03-24,1863.404353862452,0.07060540061820242,1865.033516806667,1879.4763469995607,9.201596338131019
Wheat,Haryana,2026-03-25,1875.1003651079732,0.013214930539936519,1887.0229851122078,1881.599089237251,5.522089568357313
Wheat,Haryana,2026-03-26,1883.8687640773014,-0.04240656374048448,1879.0475681988885,1886.7864598825427,6.290384629616154
Wheat,Haryana,2026-03-27,1865.9404853516137,0.05245298748989363,1863.197843494338,1869.8639720706751,7.0781139284068555
Wheat,Haryana,2026-03-28,1884.517940709364,0.03733646064491119,1876.3752695472147,1902.1302523795327,7.116149781782093
Wheat,Haryana,2026-03-29,1882.1559337960389,0.02794830269592953,1872.1739786167725,1874.3399779208198,4.688751367424174
Wheat,Haryana,2026-03-30,1886.09133734629,-0.003750759403973583,1894.6950774569636,1867.6481780261513,6.581509614613566
Wheat,Haryana,2026-03-31,1883.5504473411133,-0.03403414290004571,1884.0245018949936,1880.9122696826487,1.9663105645919416
Wheat,Haryana,2026-04-01,1876.1712450687057,-0.06388088570645964,1870.4915852355182,1888.940269937069,8.270229002342832
Wheat,Haryana,2026-04-02,1873.701227497113,0.0108929490762582,1875.8697697440734,1869.2038945781778,4.120522322093861
Wheat,Haryana,2026-04-03,1885.0761073655428,-0.06974445716864885,1883.7404531874308,1895.960523258442,2.608117940814645
Wheat,Haryana,2026-04-04,1877.8825368696282,-0.011499101739025585,1878.1397092151603,1882.6565491176723,3.8906137675180714
Wheat,Haryana,2026-04-05,1855.5034738255627,0.03549596845717167,1854.8484088582516,1865.0057437082655,4.7969708667997555
Wheat,Haryana,2026-04-06,1846.5235511739263,-0.004824894263618495,1848.3647528306383,1848.968945441633,8.545528679433456
Wheat,Haryana,2026-04-07,1824.253798233807,0.086484411209789,1829.7194716515685,1821.4767814151178,6.364882086272865
Wheat,Haryana,2026-04-08,1805.400198975451,-0.043920731921763094,1811.016922337126,1802.0996585543348,6.025616204601744
Wheat,Haryana,2026-04-09,1787.4093148857323,-0.028818475145755834,1784.1690159340953,1781.2058474402247,2.603491300776242
Wheat,Haryana,2026-04-10,1800.9669148789917,-0.040950270315026266,1792.1740708281197,1800.125645069756,6.7767017547259725
Wheat,Haryana,2026-04-11,1789.8502778479706,0.03246275275749413,1783.7276708168295,1793.7716260144996,5.790015989632585
Wheat,Haryana,2026-04-12,1790.0134364109065,0.06684885243173253,1792.0247954616202,1785.6004177942023,4.420690210609798
Wheat,Haryana,2026-04-13,1783.4410914527311,-0.05750353048943733,1783.254875832701,1802.7668956616415,8.348999057759102
Wheat,Haryana,2026-04-14,1773.3657224532765,-0.005507635015765488,1780.1895543559879,1758.4840822348438,4.523249378912255
Wheat,Haryana,2026-04-15,1770.1958152087345,-0.051050912943557306,1769.3103096412983,1778.1564795392992,7.33502200612862
Wheat,Haryana,2026-04-16,1756.1378262559133,0.08689093976597592,1747.6703352270633,1762.4718705755433,4.297297054904136
Wheat,Haryana,2026-04-17,1765.8655256555594,-0.05127001763654482,1763.1980777941321,1761.3061677369553,4.729153853642008
Wheat,Himachal Pradesh,2026-01-08,1763.1426784334064,0.07946400705288087,1765.6095972143357,1756.4476392372155,7.1678745360671705
Wheat,Himachal Pradesh,2026-01-09,1767.9368073310895,0.0350315220911201,1772.668302298677,1778.6592105885286,5.313412709364803
Wheat,Himachal Pradesh,2026-01-10,1771.3800452000849,-0.08364730606936648,1780.4796164119953,1755.1148071756356,5.516156537981573
Wheat,Himachal Pradesh,2026-01-11,1754.2474049102057,-0.030292528149546777,1741.7854903226525,1728.7460393738427,6.70427797137055
Wheat,Himachal Pradesh,2026-01-12,1775.2022061701675,-0.08519379512966674,1773.4634777347599,1757.518529623855,9.46743802649907
Wheat,Himachal Pradesh,2026-01-13,1757.0833175804835,-0.05667020197789751,1756.2926947565438,1757.3490076355904,6.987335540999766
Wheat,Himachal Pradesh,2026-01-14,1749.0330293914865,0.07812425590009656,1751.266771099241,1744.301650919269,5.6084248051072265
Wheat,Himachal Pradesh,2026-01-15,1734.1586190467037,0.05058549213661911,1730.4133622008471,1727.7563951649324,0.8946017139046729
Wheat,Himachal Pradesh,2026-01-16,1704.3914756066642,-0.055890228932987264,1703.9162077691335,1681.8204032053018,6.7079017195047825
Wheat,Himachal Pradesh,2026-01-17,1711.2373282701687,-0.01861050946006198,1706.8891385534307,1719.346907744466,6.428398656112701
Wheat,Himachal Pradesh,2026-01-18,1744.3317181660898,0.0386576526291596,1736.1814320044168,1740.0243675596605,6.5982273492697265
Wheat,Himachal Pradesh,2026-01-19,1752.169448060587,-0.07080294655915607,1750.9448422196974,1747.0115231613293,4.616530932852533
Wheat,Himachal Pradesh,2026-01-20,1761.3051363056331,-0.07765550480048329,1762.3204447639298,1771.6665798943327,4.30028693194178
Wheat,Himachal Pradesh,2026-01-21,1747.4138491486801,0.06081831118088234,1750.057886402379,1736.9895152117426,10.222122923269843
Wheat,Himachal Pradesh,2026-01-22,1763.276367815274,-0.026124278830536793,1762.833758702081,1753.6905586471296,5.456954166056483
Wheat,Himachal Pradesh,2026-01-23,1744.4204095555301,0.009547058559304865,1738.9395901208272,1720.4868098209527,11.113348816675956
Wheat,Himachal Pradesh,2026-01-24,1727.1156635231669,0.021292514858556853,1725.8337715646805,1723.2564547511963,5.02570749548076
Wheat,Himachal Pradesh,2026-01-25,1722.5826682547338,0.046932368940177736,1715.9257646919443,1733.150993461268,4.927794668882368
Wheat,Himachal Pradesh,2026-01-26,1722.714879965633,-0.0379375463487477,1721.52109033356,1715.5914718250199,4.722175354001898
Wheat,Himachal Pradesh,2026-01-27,1705.9158768603472,0.017961481061911422,1708.9808413484163,1716.7791749135388,4.826585259667995
Wheat,Himachal Pradesh,2026-01-28,1707.7991148942424,0.04101187749860766,1712.1794026774423,1684.6675345040244,3.3682713674441747
Wheat,Himachal Pradesh,2026-01-29,1721.533999854598,-0.03356610058731528,1716.6802816619957,1720.7699544036427,3.3807875789788393
Wheat,Himachal Pradesh,2026-01-30,1723.7574696824659,0.04178094600118471,1722.4699938455121,1749.1004632435177,4.996067898858903
Wheat,Himachal Pradesh,2026-01-31,1723.5060709985967,0.004396994379445503,1713.3368477564939,1743.2872244089324,6.12485450042062
Wheat,Himachal Pradesh,2026-02-01,1705.4552454087288,-0.03462211548482709,1703.2228355161953,1710.361875356125,2.990761316112809
Wheat,Himachal Pradesh,2026-02-02,1695.7656025758604,-0.03989124309331301,1696.4066665240762,1696.0089197161626,6.135597070193766
Wheat,Himachal Pradesh,2026-02-03,1733.2945915234488,-0.03123725323957337,1730.1089772989203,1738.4434015684606,4.833771069403702
Wheat,Himachal Pradesh,2026-02-04,1740.104131682919,0.059354847149982584,1734.0449701956106,1727.687535969193,5.465180592472293
Wheat,Himachal Pradesh,2026-02-05,1727.3579460610363,0.012615674101222708,1725.30014365416,1728.6122215658215,5.643728260342188
Wheat,Himachal Pradesh,2026-02-06,1706.181742934403,0.051594062599868255,1698.8150717465446,1718.3269518735863,5.099550954132244
Wheat,Himachal Pradesh,2026-02-07,1714.0589955713133,-0.14858354654980424,1712.62379620229,1729.09717568953,8.47103114726612
Wheat,Himachal Pradesh,2026-02-08,1704.6065747226144,-0.046949710052587475,1698.053653604461,1682.9908655765896,2.6145207861729443
Wheat,Himachal Pradesh,2026-02-09,1703.2880376753808,-0.019088464056332678,1700.032667123369,1706.593497541287,8.15373361149453
Wheat,Himachal Pradesh,2026-02-10,1697.3605650691998,-0.04740677729561373,1699.8249245480538,1695.6192263774724,3.0678125594889485
Wheat,Himachal Pradesh,2026-02-11,1725.8579343626366,0.05591338520142134,1722.9291191775137,1744.0291841309152,5.589886941101082
Wheat,Himachal Pradesh,2026-02-12,1698.4439524283925,-0.03531589279088444,1699.1277047663405,1712.044925322269,3.8063408636585745
Wheat,Himachal Pradesh,2026-02-13,1676.2387214600524,0.02332144499399407,1666.5128901451303,1691.3654406848116,5.712303512328051
Wheat,Himachal Pradesh,2026-02-14,1690.8034697676414,-0.03407154267095474,1687.5134043933758,1701.1095484716961,4.6634311735584735
Wheat,Himachal Pradesh,2026-02-15,1709.6297530475779,-0.019444670173983786,1709.4216045186336,1714.2584429001718,5.371386126821409
Wheat,Himachal Pradesh,2026-02-16,1683.0949926503015,0.02587119584712849,1680.9701444520526,1675.412266828447,8.043439307508685
Wheat,Himachal Pradesh,2026-02-17,1697.510331845851,-0.007007293453288413,1699.8581565551826,1706.5554636004288,4.4689537812832905
Wheat,Himachal Pradesh,2026-02-18,1687.3562453921902,-0.012295113944220306,1676.1320061281147,1688.1300752036186,6.6058887305552965
Wheat,Himachal Pradesh,2026-02-19,1710.1436480077032,0.002298548384043687,1717.0867004177094,1723.4336573848068,3.8059095083355716
Wheat,Himachal Pradesh,2026-02-20,1709.1790850038224,-0.05252924735676981,1710.5106349731354,1709.2743079603536,4.961559191553042
Wheat,Himachal Pradesh,2026-02-21,1734.179260756593,0.04260501442080565,1736.9011705628693,1748.7751713331031,6.9012360531582475
Wheat,Himachal Pradesh,2026-02-22,1741.4293102202848,0.04213665288579282,1737.7581748760192,1741.9956826450984,4.690795806104213
Wheat,Himachal Pradesh,2026-02-23,1729.3722182686763,0.04857655926182183,1730.7858881947523,1708.2587086245535,4.055509100889113
Wheat,Himachal Pradesh,2026-02-24,1744.6113511824751,-0.01855643892158555,1747.4752183766093,1751.8802202837164,8.863322771695369
Wheat,Himachal Pradesh,2026-02-25,1769.3065239225518,0.030995627483781436,1759.5370835663823,1783.6742192205584,4.028001698280729
Wheat,Himachal Pradesh,2026-02-26,1777.1708621781736,-0.018164244009360637,1780.4810378370935,1779.4582579267847,7.381739460438597
Wheat,Himachal Pradesh,2026-02-27,1751.5802823919098,-0.014026633878390829,1747.7668984064644,1752.5000555932138,4.535796512330005
Wheat,Himachal Pradesh,2026-02-28,1743.109660744664,0.0073818432215470966,1743.2115476881056,1747.4077740047371,7.041232617294543
Wheat,Himachal Pradesh,2026-03-01,1734.5867442828373,-0.013691520425269416,1737.1604110446035,1712.8783065635528,8.205482923871454
Wheat,Himachal Pradesh,2026-03-02,1731.2110997376178,0.015272524549682807,1730.4303709067437,1737.4049571204462,3.4912628256776737
Wheat,Himachal Pradesh,2026-03-03,1746.0991072348859,-0.06138625381458338,1751.7257402843634,1750.1781401474307,2.296465913442431
Wheat,Himachal Pradesh,2026-03-04,1748.5505637718647,0.013541489246142464,1753.4908147496647,1741.2674954192541,2.4904663868495076
Wheat,Himachal Pradesh,2026-03-05,1727.8491014191193,-0.0073862340035223545,1732.4657034982747,1722.7799432019203,3.440325464150395
Wheat,Himachal Pradesh,2026-03-06,1736.8889011172362,0.03296781725425909,1731.50760522666,1733.1141858751773,4.373845731657178
Wheat,Himachal Pradesh,2026-03-07,1720.8645981661305,0.07952478921698512,1729.573274281957,1724.9181177880612,6.789150862110205
Wheat,Himachal Pradesh,2026-03-08,1725.9028088486398,-0.009440598992584492,1729.0144110727329,1725.542030844088,3.7941915745804105
Wheat,Himachal Pradesh,2026-03-09,1739.0054139941722,-0.036872989839342,1731.8709337027944,1733.0637196249709,7.866218147203915
Wheat,Himachal Pradesh,2026-03-10,1725.3242722454556,0.0440789175050999,1726.0651150432475,1710.9976574823384,7.30608635298574
Wheat,Himachal Pradesh,2026-03-11,1704.8505891853906,-0.035669658874849575,1698.277954230037,1720.9007994634271,3.7994817390188986
Wheat,Himachal Pradesh,2026-03-12,1689.4216665746353,-0.014515965873434483,1688.7408982317454,1697.377879209191,6.710909014504716
Wheat,Himachal Pradesh,2026-03-13,1681.3401182580408,-0.036943871467376495,1681.514010411806,1686.6090255657407,3.6479371230397883
Wheat,Himachal Pradesh,2026-03-14,1655.974746014093,0.04148749969064191,1656.8782793586881,1651.8336402921748,3.321696130072508
Wheat,Himachal Pradesh,2026-03-15,1641.671704320837,-0.03778350404834654,1642.4286369492877,1639.7338146598318,1.1208945278998086
Wheat,Himachal Pradesh,2026-03-16,1639.2181918141198,-0.08199831190852329,1636.818715286476,1655.8705558782306,5.032863467826118
Wheat,Himachal Pradesh,2026-03-17,1621.211170489279,-0.03878367379356746,1628.0200483118208,1613.6291177283429,7.723079810909347
Wheat,Himachal Pradesh,2026-03-18,1613.9862400634083,-0.009308942080842817,1613.1870306477263,1618.4935518599818,5.329836358179476
Wheat,Himachal Pradesh,2026-03-19,1597.1607494305274,-0.020616505384686262,1601.5835211803442,1595.9523284650088,4.405004801788109
Wheat,Himachal Pradesh,2026-03-20,1598.326184082795,0.028019257328908326,1608.524987226414,1606.3918148086675,3.8111402519518798
Wheat,Himachal Pradesh,2026-03-21,1607.3339396552935,0.038190815902964165,1608.6968217802187,1622.2398453397113,6.081962756741116
Wheat,Himachal Pradesh,2026-03-22,1628.9174432426357,-0.01563645512005014,1620.7106513199558,1633.4597119775763,4.001517781070317
Wheat,Himachal Pradesh,2026-03-23,1646.9741326576343,0.14318069402559877,1650.4964954016145,1643.7813916046798,6.137218031291936
Wheat,Himachal Pradesh,2026-03-24,1650.957675822893,0.11351393342168632,1659.4041215760078,1652.8843442959433,6.978723762345564
Wheat,Himachal Pradesh,2026-03-25,1637.1652252239235,0.026540194427168595,1638.176578929586,1628.120413044587,4.155524487669962
Wheat,Himachal Pradesh,2026-03-26,1636.9745775998274,-0.01254411900323094,1640.939978441305,1640.5673996486883,5.879268119051978
Wheat,Himachal Pradesh,2026-03-27,1631.9473180335779,0.00935542476257725,1627.1878331355229,1648.0704776376347,4.156233683304458
Wheat,Himachal Pradesh,2026-03-28,1624.2774273314678,0.010210301472563306,1629.597750171258,1627.2804417860339,5.899464571440329
Wheat,Himachal Pradesh,2026-03-29,1639.9049033334047,-0.017427703214851858,1630.6638628547948,1663.8230591933316,6.451048296738783
Wheat,Himachal Pradesh,2026-03-30,1651.586470624148,-0.08206757467215771,1649.176163873337,1651.693075104256,8.01231957891779
Wheat,Himachal Pradesh,2026-03-31,1651.6426609112414,-0.03635255072644663,1649.3184865768278,1638.576502642655,6.221716226096188
Wheat,Himachal Pradesh,2026-04-01,1632.6841255393313,-0.007615620928441608,1631.1437114816085,1623.8081405904525,5.041288596314981
Wheat,Himachal Pradesh,2026-04-02,1612.3182271586272,-0.04432912503701,1615.7484606576,1608.6572916573207,5.140672616503392
Wheat,Himachal Pradesh,2026-04-03,1624.4219934691214,-0.01061777792863457,1620.5997934132363,1614.482095441122,6.114660405474823
Wheat,Himachal Pradesh,2026-04-04,1618.7154225846436,0.05130970121985715,1622.486252595453,1608.7846467233605,4.036585072176818
Wheat,Himachal Pradesh,2026-04-05,1611.9167897278676,-0.016701587374844968,1613.3644260751628,1608.1210577454056,7.986766807905889
Wheat,Himachal Pradesh,2026-04-06,1598.183563036865,-0.0265506802925176,1596.5079512954112,1595.3012072674314,5.76716219194186
Wheat,Himachal Pradesh,2026-04-07,1614.3833278329519,0.07507523534572823,1616.0252718108245,1628.2875125383082,6.2026049334883275
Wheat,Himachal Pradesh,2026-04-08,1606.673843079615,0.056318072141171495,1609.7215518983514,1620.7238676446382,6.865321673288557
Wheat,Himachal Pradesh,2026-04-09,1576.8022199774566,0.024647360187266182,1580.4234305338734,1591.4558699137017,3.7698275428815466
Wheat,Himachal Pradesh,2026-04-10,1585.6743076268767,-0.027839267282939867,1595.751329401716,1574.5704811114006,2.938731910136409
Wheat,Himachal Pradesh,2026-04-11,1577.5563167209752,-0.020330644201805886,1577.8153206750976,1599.1596750269068,5.549693522266969
Wheat,Himachal Pradesh,2026-04-12,1571.6297027130206,0.022756172249661366,1570.1003272880978,1586.0845896146914,4.847374024806633
Wheat,Himachal Pradesh,2026-04-13,1584.883611992841,-0.003870177051968222,1584.879207548229,1589.4114914507622,4.5915801627731305
Wheat,Himachal Pradesh,2026-04-14,1583.0705085882778,0.04423692417362062,1582.2432956810833,1587.0663306893555,6.121648285145126
Wheat,Himachal Pradesh,2026-04-15,1589.7992604570734,-0.036525062439986836,1590.2016115682652,1594.2782664621147,4.732184793020218
Wheat,Himachal Pradesh,2026-04-16,1590.8634016466578,-0.038158288227552746,1588.61363103685,1603.310557309551,5.7223692262738055
Wheat,Himachal Pradesh,2026-04-17,1567.381189512959,0.07059980687923761,1568.447202113332,1574.6086386754625,6.054073422231921
Rice,Punjab,2026-01-08,3485.7179572408563,-0.09903203595946525,3486.1745411710694,3489.7035517470995,1.3858330410200361
Rice,Punjab,2026-01-09,3501.0194023725967,0.006008997731807765,3501.6905660252646,3487.0572837727846,6.172119706483361
Rice,Punjab,2026-01-10,3517.251267663792,0.008187014482703172,3517.3335709233484,3525.6868575981975,3.9679294123572815
Rice,Punjab,2026-01-11,3534.615210615875,-0.009873860684086112,3529.5639299275144,3522.759486940349,5.4985821114559865
Rice,Punjab,2026-01-12,3546.3479632396416,-0.006333705766018808,3548.7061477595116,3549.4221965760153,7.805123942867486
Rice,Punjab,2026-01-13,3536.524594757047,0.0836451919296362,3516.8000498948513,3519.7455178161777,4.043562243504766
Rice,Punjab,2026-01-14,3534.3052277587435,0.018551810811885654,3532.523275387969,3535.6284966385083,3.1165540957937083
Rice,Punjab,2026-01-15,3517.2109907270847,0.010649174335305734,3507.853102558651,3515.68254115142,6.690770979761968
Rice,Punjab,2026-01-16,3542.5992533677445,0.02248129773249212,3545.2231897264514,3548.7858898361146,3.68086213718291
Rice,Punjab,2026-01-17,3536.1776405876144,-0.013461941511215412,3538.4097718457583,3535.052979734055,1.52111397803032
Rice,Punjab,2026-01-18,3532.7765052861555,0.12443376264173314,3534.9017110466384,3532.757950464176,8.390321556774246
Rice,Punjab,2026-01-19,3521.420363230974,0.024054071991158353,3518.088988652974,3534.041835165543,5.0020563714624755
Rice,Punjab,2026-01-20,3540.6899483934467,-0.0489421385340747,3539.160572781837,3536.050109352948,3.095025478666207
Rice,Punjab,2026-01-21,3558.3135825447107,0.02895368462551043,3555.2593001401474,3586.118279430948,8.835367260632454
Rice,Punjab,2026-01-22,3555.755897377588,0.03582201985160249,3554.3063837897057,3543.487807337931,4.918466606660827
Rice,Punjab,2026-01-23,3550.0908897372947,-0.02065742571929254,3551.4422871694082,3544.6067968376256,6.6352804042255356
Rice,Punjab,2026-01-24,3540.4731541949195,-0.045267922035339796,3545.7796981947195,3535.4671652749275,3.35154213554601
Rice,Punjab,2026-01-25,3533.0227783518008,-0.06428820327632598,3528.2045559730172,3540.065225003334,5.680320925335148
Rice,Punjab,2026-01-26,3545.350037139053,0.09743144111025166,3546.090542453551,3535.189725596634,4.578290097796346
Rice,Punjab,2026-01-27,3566.1616031211433,-0.016577995831159247,3583.268157526284,3578.4272829925408,5.042931760966944
Rice,Punjab,2026-01-28,3556.145684255231,0.016273400411276177,3553.954331478276,3550.742908888463,6.261695716382787
Rice,Punjab,2026-01-29,3557.090859405007,-0.00015157139527360609,3556.8504977203074,3539.3260671928565,2.6780283003935565
Rice,Punjab,2026-01-30,3574.9175670451837,0.05039522780297398,3576.0397214608656,3565.245165293442,2.7216370218218793
Rice,Punjab,2026-01-31,3578.920318456777,-0.05482042272823855,3579.9384673689656,3581.691646954071,3.842653308299793
Rice,Punjab,2026-02-01,3560.794490729074,-0.025476524477128518,3557.856121944054,3546.8351642569187,3.2354532593410052
Rice,Punjab,2026-02-02,3541.6693869756314,-0.0004251060827836604,3536.043634328638,3547.62023818713,5.983795199429606
Rice,Punjab,2026-02-03,3549.795735368221,-0.025350211252829782,3549.701182445835,3540.1119886633724,1.6904908592539463
Rice,Punjab,2026-02-04,3540.184558828688,-0.06807469754720706,3537.1102871173193,3551.760360350118,4.124273922451696
Rice,Punjab,2026-02-05,3547.0850467852065,-0.07277582157720673,3547.036908515402,3547.279557658493,4.3819337247325905
Rice,Punjab,2026-02-06,3517.673977350932,-0.032051140751283,3519.1308265309626,3520.125279271449,4.996935473221242
Rice,Punjab,2026-02-07,3501.2610249772883,-0.07973681661441447,3498.71039392176,3513.351701774428,5.451750181386128
Rice,Punjab,2026-02-08,3509.0614722184164,0.0327122028226185,3505.8042996489276,3502.8689327597936,3.8156916195642574
Rice,Punjab,2026-02-09,3552.6721285571234,0.07768359162260574,3554.4290213106965,3540.504538713175,2.2448507635181354
Rice,Punjab,2026-02-10,3585.1779185705936,-0.01794842391721621,3593.291779367539,3584.5329877359995,6.256214959495652
Rice,Punjab,2026-02-11,3571.8771993360956,0.09545803086063054,3569.4245997210005,3576.8112982788784,8.541414809565042
Rice,Punjab,2026-02-12,3571.5034587837995,-0.08538892214157998,3567.699415436979,3582.9239337715903,0.6303058552895919
Rice,Punjab,2026-02-13,3590.167579638534,-0.04270049349650984,3598.661396458797,3598.0042277193015,6.010478523298381
Rice,Punjab,2026-02-14,3626.844992659189,0.02442645717922331,3627.3307056202775,3635.115294371653,4.222671412020134
Rice,Punjab,2026-02-15,3660.2555526845067,0.04487460707383453,3653.7121825632707,3662.6864224411192,5.67046900417744
Rice,Punjab,2026-02-16,3674.542579786797,0.017000063555422263,3674.6249092512644,3672.5153079111847,8.560028895557904
Rice,Punjab,2026-02-17,3685.0881688360837,0.06070621959235324,3682.7816568308085,3677.953665291948,4.4721230678708785
Rice,Punjab,2026-02-18,3703.953994800689,0.05570720433465668,3708.6129517724435,3708.907501602153,6.153226783668668
Rice,Punjab,2026-02-19,3703.2659075622714,-0.045251693713434335,3700.9606258492317,3696.432239139452,5.3848056145634455
Rice,Punjab,2026-02-20,3706.459224907332,0.0035489675765850736,3707.5289411488775,3699.789423841411,3.9763844981889536
Rice,Punjab,2026-02-21,3706.698423970039,-0.09100432354833082,3709.18332830818,3713.04217436975,0.25487045926375096
Rice,Punjab,2026-02-22,3714.47929298346,-0.07371222783119206,3718.0906850164433,3706.357977354498,3.072842089430817
Rice,Punjab,2026-02-23,3703.5719550774934,-0.008327237765853803,3710.2630253966668,3716.7332423185853,5.593386621174011
Rice,Punjab,2026-02-24,3714.7731286782537,-0.014432194744465868,3719.825593702386,3719.539551091,2.0995675032842054
Rice,Punjab,2026-02-25,3722.344317353377,-0.01565225962649012,3714.2495766027355,3715.8968531374844,7.822564239275394
Rice,Punjab,2026-02-26,3716.1228564199982,-0.05013780958645623,3722.612405791539,3710.3639924674226,3.2053356566418127
Rice,Punjab,2026-02-27,3716.931975075403,-0.0075258802885154845,3718.503423543327,3717.9669927559357,4.2641138723808
Rice,Punjab,2026-02-28,3732.3205211318655,-0.009175536408018164,3734.1826488139804,3713.1654241982897,3.4955607173016006
Rice,Punjab,2026-03-01,3732.1109668022036,-0.09909216548501648,3719.769600827303,3743.0778272443995,2.7407241344965296
Rice,Punjab,2026-03-02,3761.4952543232307,0.07632152657825882,3766.2335242463946,3752.92475407355,2.882909849621112
Rice,Punjab,2026-03-03,3757.228485808466,0.0015193835242535204,3751.482477970061,3749.9266466841264,6.641961646045472
Rice,Punjab,2026-03-04,3758.4141077513004,-0.08407502444612998,3761.8855538580733,3765.4028157917205,2.1695771656976497
Rice,Punjab,2026-03-05,3750.44567810274,-0.042303222586056094,3750.119415862598,3744.02609576646,4.539530227992525
Rice,Punjab,2026-03-06,3769.153417376718,-0.021531129524385757,3777.179265017799,3788.25251178247,4.2824204581209555
Rice,Punjab,2026-03-07,3764.336926914467,0.10748918162005226,3768.797727934461,3761.4458016261187,4.339000101620246
Rice,Punjab,2026-03-08,3732.6275076129336,0.014115872457071885,3734.0731168336733,3741.2679653462606,4.013184118229073
Rice,Punjab,2026-03-09,3739.8915885349243,0.037045765384870664,3737.060863745708,3736.2376191672047,1.4036259858731572
Rice,Punjab,2026-03-10,3718.402840618724,-0.02098061643333249,3714.604420855453,3715.3248140795263,6.405340537896659
Rice,Punjab,2026-03-11,3700.467314404359,-0.06905789822304094,3700.4690315378207,3691.581831501022,4.4603709492330905
Rice,Punjab,2026-03-12,3708.927694091862,-0.03512256146606127,3702.7054797875367,3719.2365072155853,6.264361716127574
Rice,Punjab,2026-03-13,3711.8714694599366,-0.018274204693397335,3722.7252653286673,3713.5386413286296,6.3930201748560265
Rice,Punjab,2026-03-14,3701.5790627722504,0.031119394012973346,3698.5769675209553,3714.7604900015126,2.5228493167123967
Rice,Punjab,2026-03-15,3714.958598791382,-0.006850894105181287,3715.0549228499362,3695.8218086810343,6.062909453175589
Rice,Punjab,2026-03-16,3734.9966294461447,-0.013703878882001256,3736.954946029384,3707.6258805612883,4.973611557866458
Rice,Punjab,2026-03-17,3757.3008588905946,-0.013096292978806429,3760.340026393022,3759.149187810601,9.2706967116589
Rice,Punjab,2026-03-18,3759.057185161216,-0.033661836907149294,3751.217822531294,3756.7663864832753,4.659393873111396
Rice,Punjab,2026-03-19,3775.381063928743,-0.024906364893856746,3779.4824287764186,3776.106027277309,5.682004329446213
Rice,Punjab,2026-03-20,3749.9632668099675,0.1612795589291431,3752.698221435727,3749.552227683624,7.151089343053358
Rice,Punjab,2026-03-21,3733.839494717999,-0.026020827892013765,3732.363807169763,3728.6125415768297,5.405616445009473
Rice,Punjab,2026-03-22,3720.1096877331456,0.05115676754174601,3712.8270087590276,3732.163523441216,6.9483326597956045
Rice,Punjab,2026-03-23,3722.6019251338853,0.06201448134559761,3733.903590399014,3732.506758697364,5.283197186892771
Rice,Punjab,2026-03-24,3737.8587515906515,-0.001833692983386418,3724.3508943721354,3731.090826597821,0.8021344337713003
Rice,Punjab,2026-03-25,3755.9214984994055,-0.011196522035088797,3753.5029027252144,3760.38496211047,2.950868310643465
Rice,Punjab,2026-03-26,3753.7209172094877,0.04440674514708005,3750.899900196138,3760.463072150547,0.9897480396101423
Rice,Punjab,2026-03-27,3748.0155782056527,-0.018360202214641394,3746.2931516375997,3736.2865313954408,5.740923505866846
Rice,Punjab,2026-03-28,3736.779687101471,0.039234076844291005,3738.8768178658706,3735.686594877166,4.9706915279239
Rice,Punjab,2026-03-29,3746.8512382023387,-0.014123126552854765,3742.907651980061,3737.8795348008325,4.147345044036015
Rice,Punjab,2026-03-30,3749.2257808328277,-0.08753635649867576,3749.662072293375,3757.840298217951,5.581161865292185
Rice,Punjab,2026-03-31,3759.819832232442,-0.031721645484560516,3763.98049202372,3756.136579575549,3.246559144925627
Rice,Punjab,2026-04-01,3775.5411484670312,0.08454276067706541,3775.774051320143,3767.3475376776614,4.880070444194089
Rice,Punjab,2026-04-02,3775.805881559121,-0.003344097389216405,3767.830176735016,3770.684795623211,8.629733812065629
Rice,Punjab,2026-04-03,3786.2636612863657,-0.04227574571584483,3790.3727024273817,3768.473878901012,6.9210020519808
Rice,Punjab,2026-04-04,3799.156536408555,0.047393379699934735,3797.147624272337,3795.1917633467037,4.187589640694938
Rice,Punjab,2026-04-05,3811.719621753152,-0.0008500502889459756,3817.7248899741066,3812.464846834971,2.7893887665127646
Rice,Punjab,2026-04-06,3808.178148779893,-0.07831258789953711,3801.2167416359566,3804.4664643810443,6.186903272989881
Rice,Punjab,2026-04-07,3830.3546676947976,0.08366164084254218,3838.982172592918,3828.895143824158,8.134278058790539
Rice,Punjab,2026-04-08,3808.7066722345976,0.012124057457878715,3810.1441025517256,3815.354230009686,6.835095134117949
Rice,Punjab,2026-04-09,3818.944487926674,-0.06066584916946427,3820.9515093525415,3811.138229928248,3.864965093966428
Rice,Punjab,2026-04-10,3825.2377386500816,0.013117295740400329,3825.8988793943327,3817.0332550662465,6.14844682823362
Rice,Punjab,2026-04-11,3798.8644812736534,0.039982212731417346,3797.90391305793,3788.1632270886994,5.70547000194595
Rice,Punjab,2026-04-12,3813.730329186275,-0.06307527567536152,3812.0513272654944,3820.7958257438645,1.0266356927031017
Rice,Punjab,2026-04-13,3826.338092924868,0.03757800037285333,3825.335759753026,3822.9229715215215,4.606074174376013
Rice,Punjab,2026-04-14,3827.560091486204,-0.001879566151169164,3828.593253618353,3838.9502495358583,3.8003082376117097
Rice,Punjab,2026-04-15,3835.5326772853414,0.06879721370521935,3837.3684759564962,3829.432939976941,4.619895512121083
Rice,Punjab,2026-04-16,3827.627172014698,-0.0052870201643021,3824.0683582855513,3809.9168861479984,6.910662641740293
Rice,Punjab,2026-04-17,3807.574204270837,-0.0673243465550527,3806.8990765354993,3825.7330827169585,5.583072187901278
Rice,Haryana,2026-01-08,3785.2605089859594,0.01186821000859285,3791.8867443859895,3779.6033835642506,4.35110784185232
Rice,Haryana,2026-01-09,3784.756715442909,0.09248078159929876,3787.6946234908132,3773.0543736928944,3.4113904090140443
Rice,Haryana,2026-01-10,3760.056974312295,-0.048942607343445875,3762.789116676957,3765.0010320573024,7.188502763616285
Rice,Haryana,2026-01-11,3771.0055635114563,-0.09153792875765357,3773.632654095384,3744.680146652028,4.01528046813485
Rice,Haryana,2026-01-12,3805.4302958743224,-0.0299680510936385,3813.600091088007,3813.3573287589243,2.0317613359301183
Rice,Haryana,2026-01-13,3819.7056080583266,0.0543292811983653,3815.419568877537,3821.6255585756217,7.660616489535016
Rice,Haryana,2026-01-14,3830.875722107174,0.0702753511426104,3831.9116412854914,3819.391712165673,5.559291599672049
Rice,Haryana,2026-01-15,3837.3252359114845,-0.0718375003719595,3829.122134638282,3828.1476902937748,3.8011533539951983
Rice,Haryana,2026-01-16,3860.8400068984615,-0.07675173247101044,3860.518714950909,3860.7409907144893,4.403994856281515
Rice,Haryana,2026-01-17,3855.2266184752184,-0.04677300828973546,3853.2230990346757,3848.43994367244,9.16994901884047
Rice,Haryana,2026-01-18,3835.7224374894395,0.047033043880540824,3831.4701361888074,3839.0947100760645,5.9075181745417265
Rice,Haryana,2026-01-19,3842.139418595322,0.011339018640912614,3831.163686012839,3840.115238650242,8.161104209274171
Rice,Haryana,2026-01-20,3842.6984071529405,-0.09747266569220064,3842.077052698089,3851.6468220053475,1.5616207955324977
Rice,Haryana,2026-01-21,3830.6584266885907,-0.07669547485836475,3822.609992141143,3835.3927020744813,6.6221830992572075
Rice,Haryana,2026-01-22,3825.6212981776694,-0.03959982002796732,3821.1161418949305,3837.422414014475,8.200186795044486
Rice,Haryana,2026-01-23,3823.2210965415425,-0.05279780188595288,3823.72164355788,3819.1852857360323,4.373630647918256
Rice,Haryana,2026-01-24,3811.983522107258,0.16332020844431663,3813.5209459286775,3806.854587794498,6.410887397441738
Rice,Haryana,2026-01-25,3779.1192819500493,-0.04896800829286474,3779.8836536709778,3786.247274039564,6.314044086354749
Rice,Haryana,2026-01-26,3785.174622602105,-0.054679627597750115,3796.0521495450544,3777.36591831776,6.5552681851531975
Rice,Haryana,2026-01-27,3785.4946021010696,-0.06025096582131052,3789.6382584792846,3796.5538773312296,6.11259815206312
Rice,Haryana,2026-01-28,3772.526959287625,0.0662578663265328,3773.696740050593,3777.839053195433,6.567805222622621
Rice,Haryana,2026-01-29,3775.7663357137412,0.08057074060719144,3771.3492755958514,3780.6801579503904,3.4324199895475087
Rice,Haryana,2026-01-30,3779.336920327396,0.0767979348563928,3783.471791088792,3761.2669785328835,7.755756964882251
Rice,Haryana,2026-01-31,3757.9431357328535,-0.011919926621627427,3767.5947099734894,3752.137738880814,0.5361257093727945
Rice,Haryana,2026-02-01,3754.8682901135367,-0.0360109736954603,3751.38945536891,3751.956613413462,4.728902850691733
Rice,Haryana,2026-02-02,3731.9598038687227,0.0003188388227827964,3730.5852327109133,3724.2271074103414,7.321834085194758
Rice,Haryana,2026-02-03,3725.171706130836,-0.025468264133535132,3728.0707396960256,3734.3205831321343,4.629294012201761
Rice,Haryana,2026-02-04,3725.4239958786584,0.0216241851893689,3722.183904879185,3735.172607467849,5.545206033470065
Rice,Haryana,2026-02-05,3729.198147445981,0.11860624134961109,3724.22879177054,3736.0716385108362,5.373111171880258
Rice,Haryana,2026-02-06,3715.0308660278492,0.009862991236035288,3714.089546145099,3736.9683359948012,9.631890860812085
Rice,Haryana,2026-02-07,3712.2208789884858,-0.06503826816559208,3704.802077796845,3703.6013695659976,6.969519806210008
Rice,Haryana,2026-02-08,3693.4978656815397,-0.05056473149369626,3699.1782250330416,3689.1509331203233,3.3761667025488933
Rice,Haryana,2026-02-09,3703.6636681588384,-0.03853606982047786,3714.033107752629,3724.52829780271,7.019926526865785
Rice,Haryana,2026-02-10,3700.4137383203815,0.0224028827071433,3694.02691048496,3705.6351632075834,1.7998701208873498
Rice,Haryana,2026-02-11,3715.841562382866,0.07844905771303312,3713.3075291259856,3720.9813792879,5.871128750399961
Rice,Haryana,2026-02-12,3717.955504353557,0.05023583774834357,3711.138726568348,3719.997885373354,5.9380436189606405
Rice,Haryana,2026-02-13,3716.7722258657,-0.006458337154228059,3717.4368788590923,3719.9497491549464,8.393417027143535
Rice,Haryana,2026-02-14,3727.8881999409823,-0.07448549598158942,3734.3601950293178,3724.6104963517396,4.929598378559424
Rice,Haryana,2026-02-15,3739.5210653743047,0.029843413051866385,3743.539866394872,3728.0750796560155,4.319892379930045
Rice,Haryana,2026-02-16,3720.834256131104,-0.08456625852213712,3724.3387856786426,3707.403029481562,5.420446501609059
Rice,Haryana,2026-02-17,3739.1364044055254,-0.021287531196533264,3744.2428559934838,3735.5934670451065,6.722108197259173
Rice,Haryana,2026-02-18,3712.1475528638807,-0.02419389360242401,3717.4526939063708,3699.7666435633205,5.870447372108985
Rice,Haryana,2026-02-19,3724.2409106110695,0.017709445311613746,3719.116242528992,3713.749292329877,6.0773018071331855
Rice,Haryana,2026-02-20,3712.1226277852516,0.07090757095171792,3715.771491674511,3713.3399347139816,5.454679772840836
Rice,Haryana,2026-02-21,3715.0911568247534,0.004434876287527333,3709.814427312068,3731.6864457355828,0.14361776470261667
Rice,Haryana,2026-02-22,3729.8661906778807,-0.005646890697391732,3736.0071370263036,3732.786445033041,5.560545993054949
Rice,Haryana,2026-02-23,3752.050319226624,0.02088690711287751,3750.5082886034565,3749.0554479953466,6.17534910750188
Rice,Haryana,2026-02-24,3748.9944543629645,0.13895637354949655,3741.0922427989167,3748.020950721671,6.2144126244382
Rice,Haryana,2026-02-25,3770.514166497226,-0.0035133621626618743,3762.659184229663,3754.6647981352517,5.605967498149283
Rice,Haryana,2026-02-26,3777.9002561496295,0.03299485447914998,3787.89903756486,3786.88928617176,4.076396922983594
Rice,Haryana,2026-02-27,3790.1622738179444,-0.1011788443089645,3798.3260679172076,3807.774983902944,4.433855853049581
Rice,Haryana,2026-02-28,3787.5342555142465,-0.033631129888913903,3789.0983638295465,3786.96730789422,4.99128708676438
Rice,Haryana,2026-03-01,3786.3652541554357,-0.031749647037758094,3787.509054561168,3780.4535608550887,4.475307860684091
Rice,Haryana,2026-03-02,3769.8735738674636,-0.06352266911916737,3754.7212023464517,3784.9694503389605,8.365707104936902
Rice,Haryana,2026-03-03,3770.0778895717785,0.051726662222884856,3768.7377583465454,3771.5660277333905,4.41136033843523
Rice,Haryana,2026-03-04,3796.390557178685,0.10184321155878058,3804.9033428263633,3805.940556631782,6.4310533812938635
Rice,Haryana,2026-03-05,3792.589171497561,-0.05412905461423298,3797.2159578288033,3777.2460060902445,6.846010521908527
Rice,Haryana,2026-03-06,3791.370261991305,-0.10142495376874586,3795.9687159569576,3793.6493458312775,5.002570521666311
Rice,Haryana,2026-03-07,3811.4094470676287,-0.06393619532341954,3804.5115944193963,3825.424370235658,3.4783904317011953
Rice,Haryana,2026-03-08,3784.9194018703915,-0.010854890902961765,3788.18287492544,3784.697769008868,6.4028147396278445
Rice,Haryana,2026-03-09,3769.076227278043,0.04372796238120588,3766.6944711647543,3785.053776450447,1.711087124278154
Rice,Haryana,2026-03-10,3747.840728329564,0.029741120461532725,3749.594258832531,3742.918470769379,7.328407136665476
Rice,Haryana,2026-03-11,3738.2672733440127,0.02242182582601719,3735.1677652465505,3744.6333337644824,8.02226709746678
Rice,Haryana,2026-03-12,3740.0773885234485,0.024086350400800205,3745.259537888687,3744.4329387763346,5.772387305839763
Rice,Haryana,2026-03-13,3767.5089291100203,0.012321177309004032,3771.537541079448,3749.8079095918683,8.192784977109403
Rice,Haryana,2026-03-14,3750.437160011476,-0.13440663882924284,3739.475077061049,3748.952571558791,4.268625839041373
Rice,Haryana,2026-03-15,3760.0480331053923,0.015122128781418921,3763.9688329963174,3763.2074568716057,7.563900643054922
Rice,Haryana,2026-03-16,3781.1088490626325,-0.02887267951629165,3777.8615101066844,3757.332475325522,7.8535191279247165
Rice,Haryana,2026-03-17,3793.2287267780894,-0.010522508341309404,3794.339237812548,3788.7031798872176,8.607905724516598
Rice,Haryana,2026-03-18,3802.7524267197123,-0.023238157001210943,3811.4590280031584,3802.1610353669353,7.821788511971144
Rice,Haryana,2026-03-19,3798.020426545844,-0.08012383822328073,3793.2370519540245,3801.2444533952967,3.448738229958555
Rice,Haryana,2026-03-20,3786.379774413747,0.04723649012428752,3792.404636711822,3783.0739156597506,6.408582045566479
Rice,Haryana,2026-03-21,3798.3966973085967,-0.0002808576483532039,3799.565070495907,3797.7082462518006,3.52347941668291
Rice,Haryana,2026-03-22,3793.4911204930986,0.01484850514126774,3789.9390329735297,3806.260394603082,5.566637766677947
Rice,Haryana,2026-03-23,3787.7243518447367,-0.1083316235824961,3786.4369389153803,3797.3161922043214,9.250899043891357
Rice,Haryana,2026-03-24,3804.4804832305135,-0.0731418030783265,3804.6903909070775,3791.4957058495575,2.945085147736326
Rice,Haryana,2026-03-25,3796.8742528458206,-0.0408160591840218,3797.6976121756056,3786.3081724694757,3.33929150366055
Rice,Haryana,2026-03-26,3787.975508894514,0.00301792008876947,3792.619037343876,3787.3178166473804,6.672254778177104
Rice,Haryana,2026-03-27,3787.874442448226,-0.00363109863351849,3796.2713225607818,3777.1907377835246,3.0657562998041827
Rice,Haryana,2026-03-28,3814.774462819995,-0.0703419565114559,3806.6027316808,3808.597298269347,3.4166981837042503
Rice,Haryana,2026-03-29,3834.8591313700417,-0.027983156099475156,3835.3503619626495,3822.4415093362277,6.962418109696817
Rice,Haryana,2026-03-30,3803.5304655828777,0.021552410208616844,3806.114198928382,3802.908526813363,6.06669838754649
Rice,Haryana,2026-03-31,3783.000797452485,0.17495180268111163,3781.855564246485,3766.034023126008,7.596682756329157
Rice,Haryana,2026-04-01,3797.107358480495,0.01072521040445018,3802.458311738619,3789.4636396644014,2.8454146689249455
Rice,Haryana,2026-04-02,3800.567153628346,0.03570252041980109,3791.886816268668,3799.024682531955,0.12751078073695865
Rice,Haryana,2026-04-03,3771.2678372368123,0.06681908644155099,3764.726367384605,3764.5730327749593,4.870098074767603
Rice,Haryana,2026-04-04,3780.529901814818,-0.041040000243068836,3779.951978799763,3779.6852284794054,7.955851938670637
Rice,Haryana,2026-04-05,3760.909104890393,0.01613843931708667,3758.96667049149,3762.7269357207274,4.35408101097957
Rice,Haryana,2026-04-06,3728.0498453662212,-0.019827100371359395,3727.0721263410765,3722.801064616602,4.334355024231389
Rice,Haryana,2026-04-07,3731.5535382935773,-0.0016941911970194626,3736.8401871210676,3737.094745946419,4.39961911075355
Rice,Haryana,2026-04-08,3733.1030235252565,-0.08336917413971813,3741.2920007564326,3753.1084848087103,3.713859519168066
Rice,Haryana,2026-04-09,3740.4433709416317,0.030551675555244906,3748.6091373352797,3737.192012382206,3.0999853211725688
Rice,Haryana,2026-04-10,3772.375585990455,-0.09140107014736032,3766.1667218753623,3783.9334227121844,3.8637762176405834
Rice,Haryana,2026-04-11,3752.318638123171,0.0011053579609793657,3742.92999239706,3761.5973296085835,6.160491328943125
Rice,Haryana,2026-04-12,3752.8458860074106,-0.035043026138241354,3752.6192499124454,3772.020736733117,6.0114902589503725
Rice,Haryana,2026-04-13,3751.249922336697,-0.005098632219544681,3753.4757356516284,3749.1492843684905,1.342122774807113
Rice,Haryana,2026-04-14,3730.4280225669154,0.0415160066416901,3732.594436924845,3743.03550959799,6.224573875582033
Rice,Haryana,2026-04-15,3726.234680038013,-0.011091145583597292,3728.73240426458,3723.9259899562367,5.91569018107599
Rice,Haryana,2026-04-16,3718.3647346463836,0.14351975145247609,3720.045770489241,3713.6319262977204,4.107564360570392
Rice,Haryana,2026-04-17,3739.9376294753456,0.021402654567019397,3730.229953753356,3760.6015160627885,7.900624144593488
Rice,Himachal Pradesh,2026-01-08,3715.3157366163377,0.0021775917090424107,3719.2137961526723,3701.568123422456,5.072287144813378
Rice,Himachal Pradesh,2026-01-09,3691.3472781860523,-0.03503371042778277,3695.2428709050123,3688.6154621193186,3.2802506248083088
Rice,Himachal Pradesh,2026-01-10,3697.0381529664464,0.05303909429054191,3692.0168756507787,3694.4538747119077,6.154420191692777
Rice,Himachal Pradesh,2026-01-11,3669.0764890832284,0.013961182656716864,3673.5331804267908,3660.0663010895323,4.813397024462838
Rice,Himachal Pradesh,2026-01-12,3689.974508299396,0.06411936493865013,3689.2499041208525,3703.230189237684,5.009528182766105
Rice,Himachal Pradesh,2026-01-13,3633.055872884306,0.04127922644954841,3628.8897947095898,3629.8416057351774,2.7201723856610696
Rice,Himachal Pradesh,2026-01-14,3625.2910861809864,-0.05582152661991122,3634.035199533514,3621.4251478477977,7.968901365174144
Rice,Himachal Pradesh,2026-01-15,3594.818540514757,0.009770068257288165,3604.7060572389423,3598.2175456142886,6.17758075475082
Rice,Himachal Pradesh,2026-01-16,3589.047490343434,0.0175036643459749,3592.6969344447953,3585.2059768946474,4.026997440063031
Rice,Himachal Pradesh,2026-01-17,3597.106694962897,-0.02588078076961045,3595.729435690699,3591.2413052817224,4.196878901441364
Rice,Himachal Pradesh,2026-01-18,3569.1721993721912,0.033098255339569775,3576.812298161113,3578.6194063763373,2.0570735754451155
Rice,Himachal Pradesh,2026-01-19,3546.0637020636564,-0.03270290106397961,3549.427491820388,3543.0010940315633,3.0827197682746394
Rice,Himachal Pradesh,2026-01-20,3541.0852869449463,-0.04184260413438039,3550.5379361345144,3554.6836916062225,4.382371263131978
Rice,Himachal Pradesh,2026-01-21,3522.826508868732,-0.04750328293401683,3525.984414389632,3519.345218284063,0.5246103161436695
Rice,Himachal Pradesh,2026-01-22,3505.9257062476454,0.015468017020503641,3506.718417713293,3500.1257361651683,7.284528882681887
Rice,Himachal Pradesh,2026-01-23,3487.2745997406555,0.01812458577604586,3490.683081450948,3488.58376501612,5.2896038492121225
Rice,Himachal Pradesh,2026-01-24,3484.2835483963104,-0.012990551891067365,3486.1149310611654,3500.7370830035375,6.094461618409864
Rice,Himachal Pradesh,2026-01-25,3471.8793332076893,0.07827360886894852,3463.988143295846,3466.6729932464978,2.3377068666846412
Rice,Himachal Pradesh,2026-01-26,3469.874695832149,-0.015010647897954392,3479.805764142187,3460.242824236254,5.84377381004778
Rice,Himachal Pradesh,2026-01-27,3478.288617651381,-0.05608237770274338,3482.027371036437,3470.5435847475665,7.419812978068391
Rice,Himachal Pradesh,2026-01-28,3490.243610553261,-0.056601671989509154,3493.204426322889,3485.918451690836,7.362325936120577
Rice,Himachal Pradesh,2026-01-29,3485.1490655497564,0.029023752180300972,3482.1927480789936,3491.3095844159307,4.250462062540211
Rice,Himachal Pradesh,2026-01-30,3479.9391297417096,0.05944243510954769,3481.345508700414,3494.859528578086,8.138086549765262
Rice,Himachal Pradesh,2026-01-31,3493.631619243817,0.0375936883567147,3492.4370287662255,3470.978366360076,6.491554440023782
Rice,Himachal Pradesh,2026-02-01,3490.109876337679,-0.03711400817171292,3490.7256722700185,3482.2247424468032,8.770363071884827
Rice,Himachal Pradesh,2026-02-02,3490.9929755414037,-0.058261692280085875,3492.3097127094743,3479.6645160976595,5.066977445781546
Rice,Himachal Pradesh,2026-02-03,3491.187330852756,0.006157139144162877,3501.9561886557444,3484.6189366347216,6.0826301860186724
Rice,Himachal Pradesh,2026-02-04,3517.494954840911,0.0142867379613546,3509.348990774168,3523.221158199625,8.645027157626005
Rice,Himachal Pradesh,2026-02-05,3501.1366471059273,-0.03482702885615268,3501.5897441155826,3501.6059589356823,3.947038235887987
Rice,Himachal Pradesh,2026-02-06,3485.420753843348,0.013663300146420808,3491.0593718761006,3472.0408900729535,4.986105125343604
Rice,Himachal Pradesh,2026-02-07,3492.457571765821,0.043075797450187366,3490.6696735707824,3501.8662240607205,1.9166097421789603
Rice,Himachal Pradesh,2026-02-08,3506.2319069153946,-0.0737880828462734,3517.270717860178,3495.947505587426,4.236546627522232
Rice,Himachal Pradesh,2026-02-09,3508.1817068687305,0.014639760727187893,3504.6786667925126,3506.8537301026613,5.710910142071149
Rice,Himachal Pradesh,2026-02-10,3507.278911381176,-0.06645531667096462,3507.212413857214,3520.804108329693,9.631631786298527
Rice,Himachal Pradesh,2026-02-11,3511.3983756126727,0.03903036709302596,3516.1178319358446,3489.1553137639266,4.2109333682715
Rice,Himachal Pradesh,2026-02-12,3506.285394675207,-0.0709174480259344,3509.019825293667,3517.4975032585958,5.80453628845531
Rice,Himachal Pradesh,2026-02-13,3507.961011567423,0.045127758318496414,3508.2281406442426,3508.680222605068,5.022846129222651
Rice,Himachal Pradesh,2026-02-14,3509.651765094223,-0.012772336600314736,3503.842561109117,3523.493120029446,5.362564706714129
Rice,Himachal Pradesh,2026-02-15,3516.238261403961,-0.006082778803082569,3514.245074208879,3515.1312663333833,3.4655660341910313
Rice,Himachal Pradesh,2026-02-16,3477.696226195762,-0.0030648824515960623,3472.4748188083063,3490.7534677901267,8.475100864786276
Rice,Himachal Pradesh,2026-02-17,3492.4083091913553,-0.07861314950800413,3488.737347068094,3495.5640505603146,2.558839435324074
Rice,Himachal Pradesh,2026-02-18,3475.6528271838997,-0.02856058389154887,3480.0423714080353,3479.1612964432475,6.524092797644274
Rice,Himachal Pradesh,2026-02-19,3467.9907696171163,-0.04325939481815852,3472.622246127462,3482.439006987934,4.419468878968081
Rice,Himachal Pradesh,2026-02-20,3461.739096966918,0.02474356536048008,3462.1350187884295,3454.0391257401498,4.558440611043842
Rice,Himachal Pradesh,2026-02-21,3474.496641678932,-0.025734862404578895,3471.279145874621,3470.9346566912327,6.08876742958531
Rice,Himachal Pradesh,2026-02-22,3493.899199657249,-0.03642993587532357,3478.3233178813357,3482.9496943072554,4.227689833116224
Rice,Himachal Pradesh,2026-02-23,3472.7814907608504,0.008181548733956708,3467.6951172867593,3468.658765555532,5.517422741337387
Rice,Himachal Pradesh,2026-02-24,3442.839382462912,-0.05396315047456669,3445.6505601948097,3427.454409492104,7.420614928810441
Rice,Himachal Pradesh,2026-02-25,3436.9636769435806,-0.03921454691977067,3446.336313019952,3445.7580300786476,3.9391690317768426
Rice,Himachal Pradesh,2026-02-26,3455.37866199936,0.058666426039474175,3456.2950532304617,3438.5490712868814,5.347653670796006
Rice,Himachal Pradesh,2026-02-27,3488.648558248917,-0.04651875952767695,3487.091187444708,3486.707358985084,4.864979440702116
Rice,Himachal Pradesh,2026-02-28,3500.2413808056467,-0.014366738693018723,3506.4752960497544,3475.768824993745,4.10542730166318
Rice,Himachal Pradesh,2026-03-01,3503.37702164473,0.0013881364822544541,3491.0135708759694,3501.5275145207156,5.001973385617517
Rice,Himachal Pradesh,2026-03-02,3500.218022249177,-0.042210011395681736,3501.3774675319123,3504.886408282976,8.377172952979503
Rice,Himachal Pradesh,2026-03-03,3481.751282055486,0.04411629179345358,3486.9455001523634,3503.134844620896,0.2245413654043693
Rice,Himachal Pradesh,2026-03-04,3500.535196505143,0.01689248694754484,3511.1813453719833,3491.926848044726,2.920732844232309
Rice,Himachal Pradesh,2026-03-05,3476.196788070073,-0.020242980017977554,3470.3054348246296,3456.688270845765,5.5988395776991124
Rice,Himachal Pradesh,2026-03-06,3438.3639589622826,-0.0003550526047931492,3437.781894591829,3432.787322899938,2.3472357864380267
Rice,Himachal Pradesh,2026-03-07,3439.2490720984943,0.00889030235348831,3435.07470253356,3428.797360942502,6.0270502474780265
Rice,Himachal Pradesh,2026-03-08,3438.617806408155,0.015376479230902471,3433.313767724614,3450.5598745950947,4.909926226638177
Rice,Himachal Pradesh,2026-03-09,3441.014138627934,-0.03653401596866482,3439.74650397874,3451.571113603058,10.287789620729804
Rice,Himachal Pradesh,2026-03-10,3434.467505643917,-0.02948190947098637,3435.572814207883,3444.964285221482,8.854460175406617
Rice,Himachal Pradesh,2026-03-11,3435.2162751944734,-0.011652687908168258,3439.876163115255,3435.8714303667984,0.7177816357157907
Rice,Himachal Pradesh,2026-03-12,3437.0684475635344,0.002273820044620583,3440.351132302268,3440.350066493986,5.349417514035692
Rice,Himachal Pradesh,2026-03-13,3444.8544601494223,-0.052909856810533964,3437.031189670315,3463.319521474246,6.434718540249463
Rice,Himachal Pradesh,2026-03-14,3435.8439087298434,0.04277901394265983,3437.1945507107243,3442.2074259894302,3.5110175934180567
Rice,Himachal Pradesh,2026-03-15,3453.8845291904854,-0.000549735506093591,3441.7471087817003,3450.133010873599,3.582296291059654
Rice,Himachal Pradesh,2026-03-16,3466.018038278981,-0.09630546916845932,3472.6474683173747,3484.430777263817,3.6861193641539245
Rice,Himachal Pradesh,2026-03-17,3471.230691254259,0.06588808964110311,3469.883507825653,3480.227876169452,7.299677462812195
Rice,Himachal Pradesh,2026-03-18,3447.352914136546,0.03049452682659405,3452.970966041146,3462.056129426264,6.7981386629922005
Rice,Himachal Pradesh,2026-03-19,3399.3376797033075,-0.002808326100026529,3398.931427311811,3403.0132938552883,2.9789345787896133
Rice,Himachal Pradesh,2026-03-20,3404.372486475351,0.08731119995082703,3408.0757037359435,3405.822457264746,3.18545204620881
Rice,Himachal Pradesh,2026-03-21,3385.2443719681246,0.030569799730104586,3388.0963240875103,3394.066080411356,4.149993744845406
Rice,Himachal Pradesh,2026-03-22,3400.19638624839,-0.013111667271176259,3395.625991208434,3402.1633346693325,4.430748259930991
Rice,Himachal Pradesh,2026-03-23,3402.3471311183093,0.02236314378897352,3403.756015635794,3407.5569508431954,5.426536672958331
Rice,Himachal Pradesh,2026-03-24,3415.7605539663246,-0.0778064681901981,3421.856431991463,3406.2507122934344,10.517195940973174
Rice,Himachal Pradesh,2026-03-25,3433.4643089073825,-0.08715187747911479,3430.5007802421537,3437.2712484019817,4.2799848662632
Rice,Himachal Pradesh,2026-03-26,3418.6430697057085,0.021307040292294382,3409.750361925262,3420.496569476653,8.103245272047797
Rice,Himachal Pradesh,2026-03-27,3431.0828252890196,-0.09430599117840482,3427.5687410527457,3449.170089026588,2.3442829710688513
Rice,Himachal Pradesh,2026-03-28,3397.8571393436814,0.015271934084084577,3395.592263394436,3378.0644972324117,5.581998411413636
Rice,Himachal Pradesh,2026-03-29,3403.9530756238682,-0.025383442928375768,3414.8138591748125,3393.2844858632316,5.926051157925191
Rice,Himachal Pradesh,2026-03-30,3398.5095184261577,-0.016981698997173986,3398.1849415478355,3393.630682783083,4.072955152660377
Rice,Himachal Pradesh,2026-03-31,3405.786163755871,0.00965883602293333,3403.5416195369853,3420.8771445977713,5.057577074057024
Rice,Himachal Pradesh,2026-04-01,3403.441181499947,-0.05965288960997023,3401.794615623125,3398.881828279863,5.7346039461286535
Rice,Himachal Pradesh,2026-04-02,3406.3521349838834,0.01282989590081407,3409.0694950322495,3396.969043483623,4.875325967125618
Rice,Himachal Pradesh,2026-04-03,3404.971489501321,0.014954243467973267,3399.4051010446638,3395.36512150884,5.537034811474712
Rice,Himachal Pradesh,2026-04-04,3424.7192375612162,0.024460728092382915,3429.8371455716997,3423.1630247903317,2.0120442143804897
Rice,Himachal Pradesh,2026-04-05,3422.307575906904,0.062197679045041566,3418.671647376739,3423.0412317518176,5.366882233051791
Rice,Himachal Pradesh,2026-04-06,3442.3557613549888,0.07341731442109951,3440.2070050648517,3448.610817991519,2.3459075106172778
Rice,Himachal Pradesh,2026-04-07,3435.060485769104,0.029129501518568253,3435.3882527966725,3415.0047974948384,5.3571940734154015
Rice,Himachal Pradesh,2026-04-08,3443.5676227950416,-0.026293946332651055,3436.7904312020432,3450.7362931681823,3.6115973579109895
Rice,Himachal Pradesh,2026-04-09,3413.472380700465,-0.006279113596094685,3414.366586152099,3430.7705829746774,3.6337560465520857
Rice,Himachal Pradesh,2026-04-10,3402.167642949965,0.053509205053638924,3402.8951335888783,3400.468564463613,6.083316454312271
Rice,Himachal Pradesh,2026-04-11,3373.062643463139,-0.01397644671003402,3377.6746500876616,3363.410039187248,6.1762709450979525
Rice,Himachal Pradesh,2026-04-12,3362.3014095051703,-0.04454148287345495,3358.616735655211,3355.912587788968,5.234811056241605
Rice,Himachal Pradesh,2026-04-13,3364.3914236835053,-0.0245364442079209,3365.793901333916,3351.5038873073318,7.550702818408816
Rice,Himachal Pradesh,2026-04-14,3366.3166337336065,-0.035610042028316274,3363.084520327026,3349.931991298853,4.026095638448998
Rice,Himachal Pradesh,2026-04-15,3344.0688486901104,-0.07824197718166123,3348.0138749027315,3352.631081931551,5.452567673027334
Rice,Himachal Pradesh,2026-04-16,3326.6143309553713,0.028055753703738626,3327.554878502963,3313.2145705382127,4.501284851601835
Rice,Himachal Pradesh,2026-04-17,3314.58593932273,-0.014690344444343854,3318.930340692053,3309.1608211308944,5.002249605505423
Potato,Punjab,2026-01-08,1786.0669153950757,0.11435867836181134,1777.4027820225244,1794.03804691934,8.648061516340944
Potato,Punjab,2026-01-09,1773.650496321639,0.008942944499005945,1775.7695786757286,1767.2950194373916,3.9886961911387773
Potato,Punjab,2026-01-10,1766.0229938009575,0.0001940812099505689,1768.0507281385583,1773.5897957856405,6.727416587315576
Potato,Punjab,2026-01-11,1721.3931193530516,0.0639318634589907,1720.7833678067248,1738.9094461196262,8.889839696937681
Potato,Punjab,2026-01-12,1704.1170051964039,-0.024836565536309328,1706.8863289534581,1699.1928247992425,7.621252142493777
Potato,Punjab,2026-01-13,1692.4651350737938,0.030792644083638788,1693.9128220554908,1684.644435041127,3.180339844650864
Potato,Punjab,2026-01-14,1702.0653642737068,0.17607557447883587,1698.6784614140956,1702.5468023335075,2.7162275178162063
Potato,Punjab,2026-01-15,1706.0774563030654,-0.04000595934724091,1699.6094023198789,1708.9688429847513,4.974030771630971
Potato,Punjab,2026-01-16,1678.7431183220401,-0.07887801355862883,1680.456976337297,1694.698842327299,5.827517261417128
Potato,Punjab,2026-01-17,1682.6161494497655,-0.005824330083235968,1678.421613484157,1675.4668744200467,4.566127840919847
Potato,Punjab,2026-01-18,1682.7911465041886,-0.1051130406965747,1681.3530300611149,1691.3426610659133,3.7839091586993066
Potato,Punjab,2026-01-19,1707.528430103596,-0.06495186519750687,1707.4650482285467,1695.2832843503036,3.393859483194948
Potato,Punjab,2026-01-20,1694.2026177340092,0.03615267306614022,1689.3441447509458,1670.4804215670054,7.536749328409103
Potato,Punjab,2026-01-21,1685.7688697134392,0.02746180605686882,1686.9875696643978,1687.9715151776059,6.563640998069829
Potato,Punjab,2026-01-22,1669.392302054189,-0.07331969135573352,1670.0954483306257,1685.7545747333988,3.1653739129772234
Potato,Punjab,2026-01-23,1668.3469419491266,-0.007860900532965833,1677.6333391183437,1661.5197322165714,7.796000464358895
Potato,Punjab,2026-01-24,1668.554659336726,-0.014731598173022718,1664.6972310923863,1672.1834368668626,7.757706486331491
Potato,Punjab,2026-01-25,1656.4335348580853,0.10557652439720427,1663.9493909224216,1652.3675907345391,7.001092520739482
Potato,Punjab,2026-01-26,1656.5285876242158,0.0072628316081119505,1659.9439252331917,1668.295344462103,4.854474804208642
Potato,Punjab,2026-01-27,1665.1702102889008,0.02212736966910966,1658.376960273964,1655.4163266358212,4.488895598476786
Potato,Punjab,2026-01-28,1664.3325319862897,0.024797587231150844,1658.7770398247133,1672.0860690699465,5.309685067132273
Potato,Punjab,2026-01-29,1668.3275744211787,0.011841400262633861,1677.9305495563015,1665.9241561957283,5.536397120799434
Potato,Punjab,2026-01-30,1669.0419786510133,0.0802241128932447,1672.043215839612,1669.8855705612204,5.3871490085583265
Potato,Punjab,2026-01-31,1667.5816827508143,0.05796766058115982,1666.8635816909605,1673.6159688710145,5.610525067047648
Potato,Punjab,2026-02-01,1684.613474596839,0.03216401349848903,1686.3913468386131,1686.788152399418,6.995612708058916
Potato,Punjab,2026-02-02,1667.1399299604068,0.03386263641409867,1669.2071031363882,1667.6251205122787,4.620637667966966
Potato,Punjab,2026-02-03,1668.9860889945621,0.03611265743495089,1670.6171307693767,1669.214761072613,5.0066308869137
Potato,Punjab,2026-02-04,1657.9449997932668,-0.031991060722026836,1646.371420071309,1665.6031344044022,4.408286429138115
Potato,Punjab,2026-02-05,1664.7946668949226,0.06584030701589813,1655.1431409236966,1679.0773315894683,2.520528056079402
Potato,Punjab,2026-02-06,1662.4221181997368,-0.07405386371833764,1656.6557657192134,1652.5006066342394,5.9722657847551694
Potato,Punjab,2026-02-07,1644.0367421318874,-0.07518520943238893,1647.6716095653526,1637.879737815062,4.644893991115961
Potato,Punjab,2026-02-08,1644.531286592156,-0.04333866902630505,1644.6001576479564,1625.234502136198,6.518743525950755
Potato,Punjab,2026-02-09,1633.470388147203,0.012340921176563987,1637.1863749761949,1624.6048590401342,5.084976085256866
Potato,Punjab,2026-02-10,1612.2036887333354,-0.05389304416768274,1611.607389910057,1617.415322943791,6.503302226866933
Potato,Punjab,2026-02-11,1617.2335742497348,-0.007219435074908071,1619.9940974032263,1619.3038035608995,5.141514365609071
Potato,Punjab,2026-02-12,1612.5357327726751,0.014999900339010705,1613.372243889651,1619.2756122724734,6.494657004222696
Potato,Punjab,2026-02-13,1582.1984382668654,0.049829719264038175,1579.0398499089522,1591.691258081358,4.969275461122626
Potato,Punjab,2026-02-14,1579.7611221899317,0.002946120736811905,1583.7488958084257,1572.120968930684,1.9526733792588713
Potato,Punjab,2026-02-15,1581.7684863110248,0.029034022833469203,1583.3763963218769,1579.4462593644012,5.583362810915595
Potato,Punjab,2026-02-16,1590.5324455509858,0.03608185002826132,1585.995638000588,1579.154169935311,4.276888188880417
Potato,Punjab,2026-02-17,1585.9190415156256,0.04226042934823958,1589.6161901329813,1585.0003178149805,6.490791250084214
Potato,Punjab,2026-02-18,1593.1961489303114,0.09005137531106998,1598.846573213548,1590.3907091174326,2.2477525946384773
Potato,Punjab,2026-02-19,1591.1163862240821,-0.04502388453420953,1585.8589063320342,1594.1475619185126,2.3537002199311083
Potato,Punjab,2026-02-20,1584.3277575804589,-0.007971189255436667,1590.3268811957794,1570.25498050187,3.71672419098482
Potato,Punjab,2026-02-21,1596.3617746538262,-0.023509942646061537,1591.496834674718,1603.022322509206,4.209854888955231
Potato,Punjab,2026-02-22,1584.82992646836,-0.011111435666141145,1586.6185309505624,1587.7698957954053,3.9672292998665197
Potato,Punjab,2026-02-23,1618.4066851783737,-0.008239370585250877,1609.3307994765314,1614.5698608081054,2.3295401337724435
Potato,Punjab,2026-02-24,1623.4817646991337,0.09402990363413645,1620.7525542940089,1629.6803651032003,2.911440100716445
Potato,Punjab,2026-02-25,1597.9768848852934,0.07192275792906498,1591.1223332588074,1598.9187928847248,5.175873264428625
Potato,Punjab,2026-02-26,1584.6812654598962,-0.015139319033897425,1578.1402214530367,1585.0059420438151,4.223096676866889
Potato,Punjab,2026-02-27,1550.2856909209531,-0.027705770930295477,1555.0079329437808,1561.7044661792881,6.616982839338804
Potato,Punjab,2026-02-28,1546.4752045720975,0.038771417884354877,1543.135765827785,1555.003910282373,5.113181383214332
Potato,Punjab,2026-03-01,1558.942167151361,0.03337822482967563,1557.5554398818856,1554.4616339043118,3.371890276731586
Potato,Punjab,2026-03-02,1537.7358943568468,-0.04971896910065644,1541.0275550228052,1548.6651808143563,7.773146724489801
Potato,Punjab,2026-03-03,1565.5635688858326,-0.06590750116368822,1560.4149666057494,1556.9916418500327,4.0735180890339775
Potato,Punjab,2026-03-04,1565.6781851961562,0.08458453486264207,1569.409213838178,1554.86160275069,3.4910170907583584
Potato,Punjab,2026-03-05,1572.7507554275962,0.020963439821462655,1578.577988111268,1579.8972489700304,6.53366598630099
Potato,Punjab,2026-03-06,1578.150941503445,-0.0542728894741674,1580.2551864303,1580.36125888026,4.623569099777696
Potato,Punjab,2026-03-07,1564.1082603319,-0.038567463882855355,1560.7850999827592,1563.9874583185417,7.004916650137167
Potato,Punjab,2026-03-08,1587.4938219591215,-0.03064529121919289,1586.4891547235131,1590.2835920043638,2.0316708582529595
Potato,Punjab,2026-03-09,1594.7150114245603,-0.06100263220517604,1590.7504239026432,1603.8224457329218,7.9804609782329194
Potato,Punjab,2026-03-10,1609.427569120969,0.07060618417049275,1609.5276956169298,1602.4772052086548,6.299856274381892
Potato,Punjab,2026-03-11,1587.4093374420254,-0.11026845862532775,1587.9663611982062,1592.6810964714896,7.2398242316578525
Potato,Punjab,2026-03-12,1572.2931035380964,-0.07197298709603413,1570.7171026455387,1567.4341326112706,3.997985097834318
Potato,Punjab,2026-03-13,1572.2886280665643,0.03880234720758749,1580.7188778319457,1590.4514902682083,2.001298535894738
Potato,Punjab,2026-03-14,1597.6832479231684,0.04101493763877964,1598.014692338979,1618.8002912101729,5.555842372386166
Potato,Punjab,2026-03-15,1586.0847798678028,0.038523888686374616,1583.0545329523775,1593.8007555251781,2.082742525015673
Potato,Punjab,2026-03-16,1574.860984027506,-0.04872944518301436,1582.311238017684,1587.9052358217295,9.604700394883277
Potato,Punjab,2026-03-17,1563.228017514519,-0.04376050966430921,1557.6775909069756,1571.475050716428,1.5120381449898868
Potato,Punjab,2026-03-18,1566.7465618540357,0.04428773538163298,1567.0790646257817,1570.5369250410376,8.163321920170954
Potato,Punjab,2026-03-19,1597.3455741375733,0.0010859379814335253,1599.4072610388303,1601.4085695622741,5.1127712067043785
Potato,Punjab,2026-03-20,1628.8334897337752,-0.03394166660358924,1634.326732701329,1637.2608029356056,1.8377050061183064
Potato,Punjab,2026-03-21,1635.4548105841088,0.0396148437285834,1633.1395967251049,1624.6758105456904,5.395980519645506
Potato,Punjab,2026-03-22,1635.755711921773,-0.03973188965436391,1633.7637198424925,1631.6780347870733,8.574001804443055
Potato,Punjab,2026-03-23,1632.6989477137924,-0.015611538885658775,1636.7903322689708,1622.7944041986948,4.049069142856633
Potato,Punjab,2026-03-24,1643.311477260271,0.06642796364466828,1641.612071636439,1635.090850145393,2.36016386156365
Potato,Punjab,2026-03-25,1651.841414923296,0.05725891340940734,1654.8532647883942,1660.8373048864726,5.71277058405337
Potato,Punjab,2026-03-26,1668.227083638893,0.0009729382918727235,1676.504682192366,1670.6277752934755,0.035749848532266704
Potato,Punjab,2026-03-27,1652.2029283670463,-0.011751767307145652,1656.272923738456,1653.6142974440702,2.985136420504529
Potato,Punjab,2026-03-28,1648.8092486152357,0.02105362714734038,1637.2395519831193,1634.7589956510326,5.283088260144846
Potato,Punjab,2026-03-29,1670.7304763641198,-0.04190977571965442,1674.9290244246142,1689.1232945053046,3.7191987170634717
Potato,Punjab,2026-03-30,1641.225821669262,-0.06175203462086851,1637.1122422032095,1657.9303073501226,4.926453459893295
Potato,Punjab,2026-03-31,1631.4908392486252,0.1048166754361756,1629.969818947483,1609.2639979679973,4.631686136217868
Potato,Punjab,2026-04-01,1631.7208143845437,0.0493928538392116,1633.9744566122347,1628.5028286858128,5.00367208414529
Potato,Punjab,2026-04-02,1642.8888675957603,0.03175661739823805,1635.9449905013253,1638.481585197273,8.367588029222649
Potato,Punjab,2026-04-03,1656.3790405431102,-0.012203094323292342,1663.8020068235019,1652.5372840752643,1.7187068763746352
Potato,Punjab,2026-04-04,1662.2683629995017,-0.09362005730093431,1668.6100661470714,1667.5869405347453,1.0461093345909274
Potato,Punjab,2026-04-05,1642.4280802050562,-0.06703904388282048,1643.372221841702,1657.7033672624702,9.332435200194286
Potato,Punjab,2026-04-06,1643.2770878243664,0.07891843789940567,1656.5277805231947,1648.1327210658856,4.930718154208484
Potato,Punjab,2026-04-07,1645.885857869007,0.10741495965550146,1642.6239398313564,1642.4142168800295,2.668151955085327
Potato,Punjab,2026-04-08,1654.9779336667596,0.018443522787250248,1658.9034899177252,1652.8294948268267,2.6184003126789253
Potato,Punjab,2026-04-09,1638.368419200618,-0.04097365962154276,1640.8339982265277,1648.4579800699807,3.478490281191263
Potato,Punjab,2026-04-10,1648.005622120909,0.046186964210085335,1645.786959268355,1653.9676957655554,2.9424148662981904
Potato,Punjab,2026-04-11,1652.8267716491323,-0.024704073043153266,1654.6836064209344,1633.4996060010806,6.144931196494113
Potato,Punjab,2026-04-12,1678.035309716459,0.027535815918453617,1682.0786741957236,1670.1515563907117,2.7908275903990147
Potato,Punjab,2026-04-13,1664.5229917812696,-0.033847791830045715,1663.9048484339842,1645.21749545791,1.7677535459619689
Potato,Punjab,2026-04-14,1658.9889744639802,0.004997445438083715,1654.7452662381384,1653.1019306439239,5.776720427355004
Potato,Punjab,2026-04-15,1643.5392888263298,-0.018926633376257815,1651.1407866962793,1654.6223739721909,6.366315470714054
Potato,Punjab,2026-04-16,1620.2512541640986,-0.008044204949512655,1619.8730196036977,1613.4135038079935,2.556467352901325
Potato,Punjab,2026-04-17,1611.09408280047,0.035424725234693775,1620.7995254546558,1618.5116323860311,1.7199175214714701
Potato,Haryana,2026-01-08,1602.558067652199,-0.01364634224000273,1614.246034947376,1592.7412938119237,4.775403886911367
Potato,Haryana,2026-01-09,1576.2914834944263,-0.003904507293393806,1572.772435790885,1576.0747066106744,6.544810548110155
Potato,Haryana,2026-01-10,1552.5482547032263,0.03394701349310894,1559.9440420090455,1567.9425362061581,1.7717485296974553
Potato,Haryana,2026-01-11,1578.5460628240091,-0.016489385687928806,1575.9226055599627,1559.6557868583116,5.8092588851066
Potato,Haryana,2026-01-12,1579.9771245398633,0.04245762608015541,1575.9282506382776,1580.1228824670854,5.070787341457175
Potato,Haryana,2026-01-13,1575.5094869443856,-0.05710624362285832,1584.493434758415,1589.1657804153422,4.163952819793889
Potato,Haryana,2026-01-14,1579.303444886506,0.10056509166740842,1573.440381816759,1570.5493952031188,4.605182038771686
Potato,Haryana,2026-01-15,1574.8033111880768,0.06537177327637794,1580.0206397431841,1580.851048489463,3.9082340244992126
Potato,Haryana,2026-01-16,1586.7237025834734,0.013342540465641373,1593.0194661161572,1585.8226409144213,5.5141622695975485
Potato,Haryana,2026-01-17,1568.131055808257,0.047309530390608735,1562.9624840392141,1548.6521345783715,5.950985427064087
Potato,Haryana,2026-01-18,1564.8314161757933,0.07118901275349813,1568.5228906318032,1560.7565345062217,5.3456300424600265
Potato,Haryana,2026-01-19,1542.3085758233126,0.011660877234870512,1542.076028788177,1546.5678245486633,4.80809206552536
Potato,Haryana,2026-01-20,1556.1220565373073,-0.08088802732485217,1564.1706372083643,1556.0102573963534,4.539500798785707
Potato,Haryana,2026-01-21,1540.2272909708322,0.08471031379463308,1540.3188607790228,1535.1720915484439,4.131520901760458
Potato,Haryana,2026-01-22,1553.9275256924846,0.0146631173875913,1548.5163482559562,1551.8482581173603,5.87666817840286
Potato,Haryana,2026-01-23,1520.8968414886767,-0.01547533245752316,1511.5586478212126,1530.994700418015,5.9264712816812
Potato,Haryana,2026-01-24,1525.489600397929,-0.001129283186708407,1519.4838279500743,1538.0125344463506,1.0678952868791938
Potato,Haryana,2026-01-25,1551.8166160674084,-0.018980877960434378,1552.9811443829099,1562.1071752674943,7.8386942168977125
Potato,Haryana,2026-01-26,1565.962910379587,0.010594511845887458,1566.0986951658854,1568.676085449001,5.166851380874124
Potato,Haryana,2026-01-27,1562.7882191730134,0.00718613582229529,1559.873785081077,1563.5842406546772,6.252740113087805
Potato,Haryana,2026-01-28,1563.3989303144847,-0.01107712492471676,1556.9429640318228,1573.0221578341361,3.496195167581652
Potato,Haryana,2026-01-29,1555.4583593757432,-0.02347649975640132,1547.7636443864064,1566.0494469647008,7.089871298393854
Potato,Haryana,2026-01-30,1570.0163276193869,0.0482557637125399,1572.693915767478,1563.6471517066743,2.1844602583711934
Potato,Haryana,2026-01-31,1576.8907772600244,0.12530011099343205,1577.1962372713683,1576.6866198912667,2.447510370846771
Potato,Haryana,2026-02-01,1535.177473177227,-0.03688469413496622,1534.5992646248078,1534.3130682176775,8.158974916747106
Potato,Haryana,2026-02-02,1537.1330474026295,-0.021547953641851022,1535.6210089512392,1545.8359385315314,5.214244544600362
Potato,Haryana,2026-02-03,1551.278491244782,0.021562846710641577,1550.3045951954482,1547.59175166697,7.705487812445105
Potato,Haryana,2026-02-04,1581.0492049521959,-0.06739399046321366,1586.72740503395,1586.2575957606712,5.036436122434295
Potato,Haryana,2026-02-05,1590.1287348702083,0.025516474202039015,1581.325594276103,1599.1713914438687,3.1308605004821732
Potato,Haryana,2026-02-06,1602.2486861099399,0.02298358858470791,1603.1463621227958,1586.974242319323,5.842688418624499
Potato,Haryana,2026-02-07,1586.9559235026875,-0.04787145740953394,1579.7234202946997,1571.0815862192615,5.784401990021865
Potato,Haryana,2026-02-08,1598.3468421162281,0.0124161244954018,1600.8326293892248,1617.050370906668,3.5520469828657637
Potato,Haryana,2026-02-09,1603.524663388351,-0.01571304289253164,1603.1986473463332,1614.8306405214414,6.301480350347129
Potato,Haryana,2026-02-10,1598.9173993296256,-0.06340388003568496,1592.5811569480716,1596.9970854763308,6.217545523681214
Potato,Haryana,2026-02-11,1593.6164974104188,-0.0018158145216589745,1590.041803583991,1582.9019468910278,5.590668974705855
Potato,Haryana,2026-02-12,1588.0285126708052,-0.007822159321459693,1593.1998715464429,1570.7827223106576,5.328795733304228
Potato,Haryana,2026-02-13,1574.9270385218044,0.08891198401619736,1576.6107037991594,1590.6766327784737,4.323260935267032
Potato,Haryana,2026-02-14,1586.6084033153993,-0.025204986458699747,1583.8483221965685,1593.7198911057692,3.9805116208096853
Potato,Haryana,2026-02-15,1586.2878898480972,0.0018402490239682906,1585.9231903319003,1591.5446720368727,5.945508231897822
Potato,Haryana,2026-02-16,1593.054455725724,0.0015077488829264441,1583.2318289117675,1591.5251916016298,3.3079513762149633
Potato,Haryana,2026-02-17,1595.5897430193734,0.0012788096167844452,1599.1107356332632,1603.63326549652,5.80456875303666
Potato,Haryana,2026-02-18,1595.334825188604,-0.08507347612922239,1590.2530942039316,1593.4356908324944,7.604771675242548
Potato,Haryana,2026-02-19,1594.6994018149524,0.029318996973138556,1602.0049445865995,1593.2856326740084,2.5930061191607647
Potato,Haryana,2026-02-20,1598.5748450074939,0.05478557398936255,1601.448414304834,1590.3831437264844,5.3035360879297215
Potato,Haryana,2026-02-21,1593.4180265019345,-0.03354802677728735,1589.5415983214598,1596.3500826006295,2.252657498981593
Potato,Haryana,2026-02-22,1583.0391917616807,0.01820884403217094,1583.8944512533137,1581.4046567673777,3.0967049063949252
Potato,Haryana,2026-02-23,1584.5089347893093,-0.08962445954634894,1580.940276971842,1594.2550618007203,5.658029543855913
Potato,Haryana,2026-02-24,1604.0006867958682,0.015845541133538425,1603.5787717131368,1597.5283496218565,3.075354540364708
Potato,Haryana,2026-02-25,1607.3241978209298,-0.027739417150300545,1608.7070608163278,1620.3944739458955,3.1323409087433234
Potato,Haryana,2026-02-26,1590.510978139281,0.09464457321127001,1587.1894130684625,1599.0482311491442,3.648774325195439
Potato,Haryana,2026-02-27,1593.783695765856,-0.04860441357592155,1601.7560193275704,1601.5505251060658,3.2149924655986384
Potato,Haryana,2026-02-28,1595.8963115955867,-0.028509185275309802,1588.5577110006755,1599.503418890691,6.750034606132858
Potato,Haryana,2026-03-01,1577.9816482087456,-0.012300459178866713,1578.7282923796286,1580.7478290411946,6.783221504304655
Potato,Haryana,2026-03-02,1577.1099206353422,0.02591486575028521,1574.7180155173728,1591.574111656825,0.42085304604165685
Potato,Haryana,2026-03-03,1565.3687864253957,-0.039417259928443124,1565.8696313535895,1549.3787736899767,4.610583123137935
Potato,Haryana,2026-03-04,1556.5887529460922,-0.1284671277648107,1554.7164585911585,1550.659380796979,5.699432463600477
Potato,Haryana,2026-03-05,1549.9099870872992,0.02825361080079991,1546.2206941912857,1558.2191257674044,2.8330952111429744
Potato,Haryana,2026-03-06,1554.9328278534929,-0.06601935227565524,1548.582903834049,1535.8744270572654,3.1475528043384573
Potato,Haryana,2026-03-07,1559.9810407699492,-0.01984604213974286,1548.3821981532342,1550.7630446951453,3.2437422825949804
Potato,Haryana,2026-03-08,1560.6806386500066,-0.046819048044726,1555.3026515732813,1552.8030543060056,5.9096969895320655
Potato,Haryana,2026-03-09,1539.4833067416791,0.020979114026013896,1538.9013195114705,1542.4388894141312,5.053711974007364
Potato,Haryana,2026-03-10,1525.9920135576958,-0.11253617269780691,1526.7757304051863,1523.0788939137535,5.107461437005185
Potato,Haryana,2026-03-11,1504.1647528331164,-0.01574866110425766,1507.0536820160187,1509.006289891503,4.62889348971137
Potato,Haryana,2026-03-12,1517.7664040628688,0.07882992722597117,1515.7581894120333,1527.0980948810534,6.377811186582044
Potato,Haryana,2026-03-13,1495.5442421500582,0.10064619644438472,1491.309451497997,1498.1845521205767,5.586106039765105
Potato,Haryana,2026-03-14,1486.4894284969496,0.00035703468863445745,1487.3052067162378,1480.4298601900434,4.528615335867434
Potato,Haryana,2026-03-15,1487.3883094102819,0.07922238736191933,1492.21431172922,1493.0530417713428,2.406694198795816
Potato,Haryana,2026-03-16,1514.0944797672246,-0.003470302508032208,1521.8381431850169,1516.2464569929014,4.903695236177333
Potato,Haryana,2026-03-17,1508.3201684692413,-0.029014337259940487,1508.9130905851766,1504.872464415737,5.853704164279531
Potato,Haryana,2026-03-18,1514.5741336004075,-0.02738820977781442,1511.4128296187166,1511.7643524263601,6.496577230015862
Potato,Haryana,2026-03-19,1492.0661469495976,-0.038037185439670905,1490.7123336127477,1502.0787313409614,5.982659094480359
Potato,Haryana,2026-03-20,1495.3988923261825,0.035720889253182876,1494.771549506369,1515.680720234258,4.788059622651234
Potato,Haryana,2026-03-21,1488.256830631418,-0.051600472483638166,1483.248129060242,1490.8566798533486,5.545858561273188
Potato,Haryana,2026-03-22,1467.081340589475,0.04799136743701639,1464.870385126716,1463.1034585999914,3.5347676908437062
Potato,Haryana,2026-03-23,1492.6640605693415,0.01898710574078787,1495.03164692111,1493.5932590835669,8.645098451347042
Potato,Haryana,2026-03-24,1496.5128172580557,-0.050103893970586226,1495.0303609548596,1494.0425434162596,4.200093767589094
Potato,Haryana,2026-03-25,1494.8328687022051,0.06510706493496606,1496.3470425078065,1485.5362101516025,7.15604955452541
Potato,Haryana,2026-03-26,1521.503247143783,-0.06858384615525308,1519.2974374225948,1518.0626633348256,8.10011043713849
Potato,Haryana,2026-03-27,1522.2853914003927,-0.0872832059514958,1525.5765456909799,1519.5261445380597,5.120229873023088
Potato,Haryana,2026-03-28,1513.2066488046016,-0.012425542368125424,1512.1798175890983,1510.079458275147,3.336146152273179
Potato,Haryana,2026-03-29,1493.493603290586,0.026907268924513696,1491.9848261370976,1496.2446112538023,5.171822971440811
Potato,Haryana,2026-03-30,1478.595079607038,0.002815639003519277,1477.972214928939,1475.2692360400854,2.9560220623656095
Potato,Haryana,2026-03-31,1485.0188280049872,0.10112247981539178,1493.8686797464175,1472.1370687139754,7.594516625655923
Potato,Haryana,2026-04-01,1485.3618347457416,0.01301564001016643,1485.890559834112,1474.0292463998353,6.466335843291109
Potato,Haryana,2026-04-02,1510.3595818018512,0.04563706455687945,1513.9977740234033,1517.9707120959833,8.758845580214228
Potato,Haryana,2026-04-03,1528.3601788153055,-0.011252924489310392,1523.5674394171222,1519.4019030543811,5.395428309678352
Potato,Haryana,2026-04-04,1527.2631618187756,0.1096272797998315,1527.2715191192558,1523.0173867370866,3.528172490610614
Potato,Haryana,2026-04-05,1533.9821192041784,0.03318910064360622,1535.993913148339,1538.6707638611515,5.069668779886941
Potato,Haryana,2026-04-06,1552.4027788956864,0.01851956781165971,1558.4181217604867,1549.8703014692785,2.387779784855732
Potato,Haryana,2026-04-07,1562.0411396441943,-0.01200734120715094,1560.237928165557,1570.9741333152792,1.4244410224446646
Potato,Haryana,2026-04-08,1523.496851100856,-0.04052175823807305,1526.9991473638888,1531.6170548880723,1.719663234817821
Potato,Haryana,2026-04-09,1509.581727120884,-0.028586433893130078,1509.4471013035522,1503.7350948675246,5.775205049303878
Potato,Haryana,2026-04-10,1517.0773585852676,-0.011346829034044485,1516.251661773338,1520.8839998780138,3.5295654383571686
Potato,Haryana,2026-04-11,1533.2917079234417,0.027901459683613263,1535.8715821505193,1518.3310574923896,1.7750433394429486
Potato,Haryana,2026-04-12,1520.9628804584322,-0.07248847676311303,1514.9938374191015,1512.7942021494193,3.5723652988674752
Potato,Haryana,2026-04-13,1529.6253314716657,0.03380810798293437,1536.5124770293337,1533.2972774937718,2.1890112165204605
Potato,Haryana,2026-04-14,1534.6931239104545,-0.013716003366406167,1535.7526753484528,1533.1571827782782,4.0735484350754545
Potato,Haryana,2026-04-15,1514.8962405837017,0.0027258447979801397,1508.8717972000688,1522.87862057135,2.4435620832039686
Potato,Haryana,2026-04-16,1508.0370280383984,-0.0636003588564903,1509.6920312397194,1501.07566470957,2.902914623355386
Potato,Haryana,2026-04-17,1517.9243039825433,0.05865344469940414,1520.0604266417397,1515.3574462375545,6.365244014689598
Potato,Himachal Pradesh,2026-01-08,1508.9888388495067,0.0035246695130418133,1509.0167287123434,1495.9991105103607,4.21014226516099
Potato,Himachal Pradesh,2026-01-09,1494.905866658318,-0.06710868870263778,1494.2868172721103,1500.4233351767439,7.1597057879248025
Potato,Himachal Pradesh,2026-01-10,1503.2420964452358,-0.019287318097433212,1505.0925696138036,1489.8610471737513,2.3882572404716824
Potato,Himachal Pradesh,2026-01-11,1482.8557312337687,-0.0026765020478855426,1478.4147703591009,1487.6111512752361,5.645515489442938
Potato,Himachal Pradesh,2026-01-12,1471.6609832338722,-0.0229305786047906,1475.1998655259404,1469.2981955338005,3.7610620324470445
Potato,Himachal Pradesh,2026-01-13,1457.3454773458652,-0.032687580578468635,1452.3347404193992,1456.9013978580706,3.685974652637398
Potato,Himachal Pradesh,2026-01-14,1455.9582243774641,0.028976527229788523,1462.2798071838865,1447.8438391219536,1.8198621710782938
Potato,Himachal Pradesh,2026-01-15,1472.1529135865158,-0.049076927927372165,1468.7566833261726,1456.2932283943608,5.974668304970543
Potato,Himachal Pradesh,2026-01-16,1482.5745736635536,-0.0195040315919171,1476.6807377959124,1490.1690715862644,2.9065193947789933
Potato,Himachal Pradesh,2026-01-17,1462.23476707699,-0.06634014956126641,1461.7054053024506,1451.1187937783852,3.324700633940351
Potato,Himachal Pradesh,2026-01-18,1477.0417747698932,-0.016665628319742345,1480.42648095381,1480.2423403591813,3.7730207052621014
Potato,Himachal Pradesh,2026-01-19,1475.5774764018406,0.04405699377651854,1476.2612150213993,1464.924787772911,5.592085183752006
Potato,Himachal Pradesh,2026-01-20,1475.118522242893,0.009899051549031718,1466.2269674837032,1466.4711774305006,5.063949596701478
Potato,Himachal Pradesh,2026-01-21,1472.2696974393011,0.051858246811497935,1479.7982441159932,1482.4496016396085,3.1905571684186183
Potato,Himachal Pradesh,2026-01-22,1483.3881340391283,0.013602308780860725,1480.074051537704,1478.6211667876057,7.016358001490527
Potato,Himachal Pradesh,2026-01-23,1459.3058979452087,-0.030562911635571583,1457.3735700427642,1466.0213134910744,4.265414007251168
Potato,Himachal Pradesh,2026-01-24,1471.9545682136882,0.03179727865780813,1461.2653201529367,1461.5077885269127,9.676068244618481
Potato,Himachal Pradesh,2026-01-25,1472.6175701738202,-0.020391875579589824,1473.9037136294648,1497.6758698321198,1.7872714782916628
Potato,Himachal Pradesh,2026-01-26,1466.0279145487405,0.037876548651336495,1471.3682848722142,1491.5555134874378,4.084628193088457
Potato,Himachal Pradesh,2026-01-27,1465.3022481091714,0.12837247097477766,1470.252863851184,1450.7864996191825,6.060126832606089
Potato,Himachal Pradesh,2026-01-28,1470.9298030423506,-0.014924987901423223,1466.830838138004,1475.5313141364343,6.7859590892449635
Potato,Himachal Pradesh,2026-01-29,1458.437779987852,-0.11479160395362052,1467.4636016022328,1456.3047570834428,5.6110601103136375
Potato,Himachal Pradesh,2026-01-30,1472.4168302501753,-0.0722402495230685,1462.5025012757083,1476.5494139644468,4.674834978394377
Potato,Himachal Pradesh,2026-01-31,1472.6214062587662,0.10034683824705655,1477.0654444596648,1474.7176667265273,8.215888229553977
Potato,Himachal Pradesh,2026-02-01,1483.7152542223375,0.005454703968708823,1485.1291951279043,1475.758687528583,2.23885250893652
Potato,Himachal Pradesh,2026-02-02,1465.6719932771757,-0.0042706473803977695,1465.4522862979109,1457.4196841592095,6.534361744118279
Potato,Himachal Pradesh,2026-02-03,1467.138827352713,-0.07653758570373348,1463.4976899609364,1466.0119723710498,3.6155204939932704
Potato,Himachal Pradesh,2026-02-04,1459.8140345602576,-0.057990618423389664,1456.5836113022879,1456.4980627266925,6.940664703744774
Potato,Himachal Pradesh,2026-02-05,1459.5666492201003,0.006918728119696534,1446.033934732085,1453.0783776106987,3.0950075060306124
Potato,Himachal Pradesh,2026-02-06,1459.1700730437449,0.15651802763424005,1454.0768840560772,1435.6766808785621,9.833281139167601
Potato,Himachal Pradesh,2026-02-07,1439.8434493363736,0.004816692326143585,1442.3773857641108,1449.7477083909323,5.194514503909236
Potato,Himachal Pradesh,2026-02-08,1465.260671124395,-0.0120993648753046,1461.6978401107656,1459.433049046613,4.108241771827858
Potato,Himachal Pradesh,2026-02-09,1457.1678262751975,-0.03325593436376732,1455.8053698927727,1460.9771778757581,3.297555227038747
Potato,Himachal Pradesh,2026-02-10,1428.2409795358874,-0.011642594587156494,1443.2661934566495,1426.8531649900106,6.239628667719441
Potato,Himachal Pradesh,2026-02-11,1418.2404836060932,-0.009837901564422815,1428.6108399711886,1417.1565988620805,4.082343141633626
Potato,Himachal Pradesh,2026-02-12,1416.8634881937394,-0.0495282414367371,1420.1209457750524,1415.5474460435241,4.748206969877375
Potato,Himachal Pradesh,2026-02-13,1415.6423288342658,-0.09250155668925308,1410.67378977688,1404.2167738040926,5.021461464196876
Potato,Himachal Pradesh,2026-02-14,1391.8863675189575,-0.0052509245033369465,1401.2859321039698,1389.9947040341433,6.815003272472751
Potato,Himachal Pradesh,2026-02-15,1387.3488960913007,0.029712760172117905,1388.580753986826,1412.017635800488,7.161189242178322
Potato,Himachal Pradesh,2026-02-16,1371.003434840429,-0.05036224775339955,1367.716816131372,1365.469188536102,3.0345674794386035
Potato,Himachal Pradesh,2026-02-17,1370.4618371474742,-0.03230493018726568,1380.945661398363,1374.1728462450908,6.486803030765355
Potato,Himachal Pradesh,2026-02-18,1350.0435344156876,0.007616707209736048,1355.692702306653,1341.1009798606383,4.0120543606066725
Potato,Himachal Pradesh,2026-02-19,1354.0619310268369,-0.10531909719738233,1352.1799109675717,1373.1206391185037,1.758196168427895
Potato,Himachal Pradesh,2026-02-20,1359.14192934748,-0.041723480134353924,1362.975129292724,1362.1554846813065,6.7779120133602815
Potato,Himachal Pradesh,2026-02-21,1388.1828498359582,-0.007353540834997098,1387.5385945989128,1396.1344996905057,3.8814217937223527
Potato,Himachal Pradesh,2026-02-22,1387.6577902527974,-0.053872934163252395,1386.2689065469442,1372.271673586643,10.235265918532654
Potato,Himachal Pradesh,2026-02-23,1405.8464580897676,-0.03948214199741561,1403.1314349688212,1384.1479579151228,0.6921842815400101
Potato,Himachal Pradesh,2026-02-24,1396.5248118738816,-0.0019831986854929973,1389.7372458623515,1386.3379919367287,4.3388980786514155
Potato,Himachal Pradesh,2026-02-25,1397.1439026015078,-0.0019636109065941927,1397.9370046197105,1396.8051737252945,6.187102645262332
Potato,Himachal Pradesh,2026-02-26,1396.5618855984656,-0.0689235563935238,1398.5711974795886,1401.0643517782346,3.7755667656426786
Potato,Himachal Pradesh,2026-02-27,1416.964385430904,0.021205901469133856,1419.8582510141678,1427.5665626344803,4.988617310731686
Potato,Himachal Pradesh,2026-02-28,1421.1308202330251,0.025751628499532265,1420.8532110498038,1411.8783371583572,5.602959061614325
Potato,Himachal Pradesh,2026-03-01,1421.8188787828185,0.019283354127505377,1426.5693473159736,1420.9345145582047,4.995061634712327
Potato,Himachal Pradesh,2026-03-02,1449.216166762985,0.011882849134944994,1448.5530098874974,1452.3453421051415,3.2933275995873696
Potato,Himachal Pradesh,2026-03-03,1436.710480625609,-0.027056330411024815,1443.0040140676622,1452.5433251255552,5.067071692156277
Potato,Himachal Pradesh,2026-03-04,1450.9681409456423,-0.05439760777962445,1446.3387488768021,1453.8250806029737,7.659301034322639
Potato,Himachal Pradesh,2026-03-05,1455.0543433301098,0.07389791212548318,1458.1993382973603,1453.4744725015769,1.8992158506269554
Potato,Himachal Pradesh,2026-03-06,1441.2002008805316,0.025433706546582193,1430.9246818872934,1444.7797165456607,2.1393763451005863
Potato,Himachal Pradesh,2026-03-07,1432.2996420682855,-0.050733474845392645,1434.6130582698522,1421.8960964340179,5.947864276686763
Potato,Himachal Pradesh,2026-03-08,1425.3491606315404,-0.04072364911670254,1423.9220805911455,1405.704670424971,4.357785584229914
Potato,Himachal Pradesh,2026-03-09,1429.3646150321767,0.03754906913122587,1434.3516871780523,1428.134959982202,3.8872726016309858
Potato,Himachal Pradesh,2026-03-10,1412.6193555483974,-0.05092001051839279,1415.9806635291197,1404.9777041527925,4.771333388219115
Potato,Himachal Pradesh,2026-03-11,1409.3549303158438,0.007318196941013744,1416.624610823672,1413.7370592597754,5.063733799368336
Potato,Himachal Pradesh,2026-03-12,1423.241393911813,-0.03886719448363227,1418.9561028411163,1427.4394932521732,7.156050874783693
Potato,Himachal Pradesh,2026-03-13,1436.2848126489741,-0.004999086455725404,1446.1692442747087,1433.7224639060655,2.1735439583884153
Potato,Himachal Pradesh,2026-03-14,1438.2992481810159,0.07739724786086295,1440.019299080848,1433.1440071047869,4.59728031098469
Potato,Himachal Pradesh,2026-03-15,1444.4562275440521,0.01120431732269936,1440.1396663114126,1465.603948337154,3.434114769178624
Potato,Himachal Pradesh,2026-03-16,1450.4502794006119,-0.0704412319529191,1459.4077862813872,1448.8317888867239,6.171139588545324
Potato,Himachal Pradesh,2026-03-17,1431.650678665898,-0.04391017122663644,1423.7842008917078,1436.9975575765172,1.8767779893939935
Potato,Himachal Pradesh,2026-03-18,1442.5831113428726,-0.004760044202011945,1439.890639571693,1455.1294315676812,5.169905784119728
Potato,Himachal Pradesh,2026-03-19,1437.0618384194347,0.11497180025801948,1442.4404535866395,1439.1916074697315,6.155658137884226
Potato,Himachal Pradesh,2026-03-20,1452.6964695321801,-0.03513085530474655,1454.8255818580287,1460.5515017243117,2.4898757841083743
Potato,Himachal Pradesh,2026-03-21,1454.0138833143303,-0.04074288487926328,1449.6948019489344,1440.9361276960863,8.146584911373932
Potato,Himachal Pradesh,2026-03-22,1451.8626822917993,0.08014882739895296,1447.6929641067254,1445.0189036701074,3.185615281286251
Potato,Himachal Pradesh,2026-03-23,1458.7621764178114,0.07115043559432016,1453.6252806737161,1449.6207887606754,5.528226778868104
Potato,Himachal Pradesh,2026-03-24,1461.9021305095064,0.024638203391948277,1457.2554466099027,1477.2899464506038,1.3458037975849515
Potato,Himachal Pradesh,2026-03-25,1477.1547730383552,-0.0710710963742786,1477.231353117409,1486.97644193466,1.7197654147606007
Potato,Himachal Pradesh,2026-03-26,1491.8433553856537,-0.08027020928840646,1490.0486613783853,1493.27911615772,6.8310702657509825
Potato,Himachal Pradesh,2026-03-27,1495.0614135679502,-0.014912061175565428,1494.0460406223758,1493.6025925073127,2.530603463597655
Potato,Himachal Pradesh,2026-03-28,1504.937542501878,0.06231734478108253,1498.5516760956484,1504.242077237528,6.886473307555513
Potato,Himachal Pradesh,2026-03-29,1495.2364714105988,-0.012074670861236304,1496.8025759501459,1514.139631239986,6.597047849454481
Potato,Himachal Pradesh,2026-03-30,1492.4291072351377,-0.02102801138012871,1491.2485709733874,1502.795208806122,5.03492024292804
Potato,Himachal Pradesh,2026-03-31,1528.410288171326,-0.025940246358553104,1531.4388979806122,1548.221044486227,6.161131492833551
Potato,Himachal Pradesh,2026-04-01,1499.1985474155936,-0.06416570546092358,1496.753827634652,1497.9863540262847,4.707336141715199
Potato,Himachal Pradesh,2026-04-02,1508.6080698555825,0.11261902392176588,1498.3685604961897,1525.9103097817376,1.567102792821773
Potato,Himachal Pradesh,2026-04-03,1503.2027186750681,0.03239087045334724,1502.8338723173463,1512.7940686361846,6.633005224493908
Potato,Himachal Pradesh,2026-04-04,1516.49765441186,-0.011844627058464128,1512.3583063713536,1509.9305302089451,3.6816498585501276
Potato,Himachal Pradesh,2026-04-05,1505.3634397723574,0.044205101720607876,1512.8619232989947,1492.285609662629,3.0331867413930196
Potato,Himachal Pradesh,2026-04-06,1513.9247341840853,0.07042982495440966,1514.940043481512,1504.8189054069007,0.5061171661985062
Potato,Himachal Pradesh,2026-04-07,1518.9906749983531,-0.0026382506793076925,1522.888214720816,1509.9864199231297,6.3478601095469465
Potato,Himachal Pradesh,2026-04-08,1486.6578737583934,0.050208522235504885,1492.1897579663855,1501.6787460260755,0.7273699011060355
Potato,Himachal Pradesh,2026-04-09,1510.5948397623836,0.012208274934802157,1512.4394821818032,1504.5978609271995,4.6627524223597
Potato,Himachal Pradesh,2026-04-10,1496.467547539317,0.010748599946978153,1503.3592510088283,1493.7132518661467,2.9336374500615494
Potato,Himachal Pradesh,2026-04-11,1472.5478516489422,0.047937425603818584,1471.3520990478048,1476.583074621693,3.4681743960911877
Potato,Himachal Pradesh,2026-04-12,1464.0210986201814,0.029780564865966974,1468.9035234372159,1449.60385031716,7.827467530803527
Potato,Himachal Pradesh,2026-04-13,1460.542456159034,0.07602940940276648,1461.1358645080663,1466.4011007526708,3.995092523378128
Potato,Himachal Pradesh,2026-04-14,1451.792231489906,-0.049358721465515905,1445.4176397208569,1465.0908313877173,8.071036472858452
Potato,Himachal Pradesh,2026-04-15,1466.9065238128353,0.021408744793248766,1469.1638217405891,1459.8316328743858,4.613797973009751
Potato,Himachal Pradesh,2026-04-16,1470.9236438525456,0.026866611302985885,1467.7382295071154,1476.0918412453377,2.103979976474515
Potato,Himachal Pradesh,2026-04-17,1485.9019701972866,0.05781048577225877,1479.5310126267082,1475.1088367614009,4.788798229297024
Tomato,Punjab,2026-01-08,2217.770315033604,0.06304107094865867,2214.7221488356677,2218.8176313193844,2.4939852611058098
Tomato,Punjab,2026-01-09,2213.114374536961,-0.03397205127856691,2208.380164213189,2207.8259808269136,4.799895459164095
Tomato,Punjab,2026-01-10,2237.3934565486807,0.06971285244309211,2236.1185363857717,2237.429660225942,1.1506609470921036
Tomato,Punjab,2026-01-11,2221.095624637765,-0.009086085637117878,2217.778379447434,2223.0884128317284,7.420675618528137
Tomato,Punjab,2026-01-12,2214.2965364293495,0.03902846161684956,2215.1079357699673,2197.7275013940757,5.999337091600452
Tomato,Punjab,2026-01-13,2231.1879067367245,0.0018209667394662823,2228.049675241145,2242.646061084352,6.205481441670993
Tomato,Punjab,2026-01-14,2246.804113990411,0.09388656912907135,2250.4026319715335,2252.9727212423195,3.808507660058761
Tomato,Punjab,2026-01-15,2245.05302531415,-0.033896352352037,2238.0771662441284,2238.6637610001667,4.347325798295443
Tomato,Punjab,2026-01-16,2247.253830908286,-0.0028135026205875634,2244.231465990872,2244.943996372043,3.8027197266494968
Tomato,Punjab,2026-01-17,2270.085786877405,-0.026907607579809617,2267.2389442727863,2273.328617071063,2.1137170556685256
Tomato,Punjab,2026-01-18,2238.7918609679623,0.06283132776571333,2240.4411970220285,2238.6744089483236,3.4462905457025435
Tomato,Punjab,2026-01-19,2243.0110922559365,0.01450374985917018,2238.484552275541,2249.772347762771,6.286565254681235
Tomato,Punjab,2026-01-20,2240.0489698215615,0.0320229906164713,2226.026710323732,2240.3147803546185,3.0559765331436433
Tomato,Punjab,2026-01-21,2253.685939935068,0.04710087700988328,2251.1441629835404,2250.189254465707,5.798545890765352
Tomato,Punjab,2026-01-22,2253.623350716602,0.11805806226596388,2266.763283486663,2254.8871244144066,6.369439092125096
Tomato,Punjab,2026-01-23,2215.795171600108,0.06169861269836633,2219.2244541277996,2227.4042435764914,4.510599786284559
Tomato,Punjab,2026-01-24,2213.070337004633,0.027728840730403232,2221.598295829107,2203.1886644986553,5.229858587877301
Tomato,Punjab,2026-01-25,2188.6009901748725,0.04887669012884599,2194.4546513903906,2180.9780608436895,6.157560841557401
Tomato,Punjab,2026-01-26,2193.281132491743,-0.014661080909891204,2192.260460253266,2160.3130963025155,7.010561744544529
Tomato,Punjab,2026-01-27,2206.174926731514,0.026382381136238822,2210.268416864769,2218.139859389352,4.31883334293713
Tomato,Punjab,2026-01-28,2220.423731214352,-0.05573315111476597,2219.2108181434483,2208.820633503309,2.9348659138112896
Tomato,Punjab,2026-01-29,2228.6386503798612,-0.043417581464615294,2222.506033134501,2253.226140980852,5.406074454057778
Tomato,Punjab,2026-01-30,2216.106347029659,0.03383899604365452,2216.457063717298,2212.3470571476137,8.727611462302416
Tomato,Punjab,2026-01-31,2201.9748251030232,-0.07992940716502286,2197.872148271919,2201.8906461198085,6.195254791992722
Tomato,Punjab,2026-02-01,2192.418158443347,0.02851315585302229,2196.1756355960592,2177.35080511577,3.4425168551575935
Tomato,Punjab,2026-02-02,2181.4916070516483,-0.10824877546509726,2168.941532916061,2178.55215707363,2.7751208274448915
Tomato,Punjab,2026-02-03,2190.969225686759,0.0399737497803136,2188.363943632215,2181.175694899661,6.966800176289897
Tomato,Punjab,2026-02-04,2205.5197554192723,0.005317082607853709,2208.694174722974,2210.901420460619,5.301424633242045
Tomato,Punjab,2026-02-05,2191.784059411809,0.0683424715955053,2186.3824786622076,2197.796864349727,4.895241312396572
Tomato,Punjab,2026-02-06,2189.193875096197,-0.014379861851574298,2190.6913299313387,2200.520957359703,0.9184675806109173
Tomato,Punjab,2026-02-07,2170.221182970806,-0.07081320186770255,2172.3330824401746,2164.7744517784777,7.033471303415867
Tomato,Punjab,2026-02-08,2169.466266912936,0.008492833503225678,2163.780548653059,2171.7863648600064,9.394425999677503
Tomato,Punjab,2026-02-09,2163.0164541914864,0.00477405589399347,2165.7884041182265,2170.544110187834,5.807680077017837
Tomato,Punjab,2026-02-10,2176.61213206842,0.06470950849058958,2173.931648351475,2174.4258888074314,2.3929453379732077
Tomato,Punjab,2026-02-11,2202.3114341743917,-0.05844480474508701,2199.660223575195,2206.7840677386043,6.440642206433775
Tomato,Punjab,2026-02-12,2202.7639303066057,0.028500571538306565,2201.7980608672283,2192.6672860993326,3.764569063996487
Tomato,Punjab,2026-02-13,2176.8671130752773,-0.001753778386859993,2180.2477801755,2160.6111900912065,3.668564996773882
Tomato,Punjab,2026-02-14,2195.5922078342332,-0.06153337162036039,2195.741686501055,2205.314720364837,4.835182445247106
Tomato,Punjab,2026-02-15,2201.433190134741,0.10312875148639383,2198.99627129073,2198.658252439247,4.847744844348333
Tomato,Punjab,2026-02-16,2239.805289169717,-0.007307739505146613,2249.3491291511614,2257.90090215535,5.540939211889171
Tomato,Punjab,2026-02-17,2248.8166954910744,0.022964903589118135,2244.767570042447,2246.5952164815626,6.942538081160044
Tomato,Punjab,2026-02-18,2251.9195477871476,0.012183991166988779,2255.7325289498654,2251.1191568165505,5.801575067940448
Tomato,Punjab,2026-02-19,2265.9591297881598,-0.09654469931946087,2270.9570045234746,2264.4200471603335,5.75289950933537
Tomato,Punjab,2026-02-20,2267.2202992120683,0.082789590370102,2266.3575562192636,2255.6024556116954,3.3529597553504917
Tomato,Punjab,2026-02-21,2273.6301448818745,-0.04380224037193653,2266.681279487123,2270.872006876379,5.138541971818027
Tomato,Punjab,2026-02-22,2254.843185658347,0.05041275851168053,2253.7359940690826,2242.3174474664042,6.489003462485966
Tomato,Punjab,2026-02-23,2239.356151147983,0.0010219564543444606,2240.195638402984,2255.0525752685635,5.181257844790181
Tomato,Punjab,2026-02-24,2248.4307516079384,0.036939753121200014,2246.321805808021,2213.7077438073634,5.272991333911599
Tomato,Punjab,2026-02-25,2260.2646410644556,0.0005798102302652141,2260.8696804860097,2234.572172862328,6.077289502915571
Tomato,Punjab,2026-02-26,2261.133080367292,0.06817364682746217,2250.5566224385293,2257.93273977692,3.8346941737646416
Tomato,Punjab,2026-02-27,2271.6461786838754,-0.04977739511976902,2273.556167904683,2263.3979792419823,6.754389350652831
Tomato,Punjab,2026-02-28,2255.5534631760493,-0.08172034774608605,2268.2932083406777,2251.731298224826,4.986574952078551
Tomato,Punjab,2026-03-01,2272.2808952225764,-0.0012601387058590447,2271.256272518863,2279.078756097232,5.767876882379035
Tomato,Punjab,2026-03-02,2260.0653623998423,0.027070493234773754,2256.5583163960832,2250.632265575084,6.220617441238849
Tomato,Punjab,2026-03-03,2266.6507320551077,-0.014884759671367015,2265.436385339389,2271.145640627718,5.560822540853554
Tomato,Punjab,2026-03-04,2260.465022292743,0.07622243650030969,2259.1388039421386,2254.5120171709177,2.0975554998669
Tomato,Punjab,2026-03-05,2263.510032791051,0.03174613705759592,2270.934445751329,2262.5470806914195,7.675161043680262
Tomato,Punjab,2026-03-06,2279.917818112629,-0.026567073576820994,2278.4919821569065,2287.13163826841,3.534217283363178
Tomato,Punjab,2026-03-07,2281.4722983800916,0.06260075632567122,2279.2833891346863,2284.7759541000405,4.076958941113925
Tomato,Punjab,2026-03-08,2274.6895356707682,-0.02155858439953852,2282.2680956698687,2266.790092675469,7.733256965120508
Tomato,Punjab,2026-03-09,2281.394212093411,-0.05358053758002897,2279.487859847014,2277.364438504871,6.376140419992088
Tomato,Punjab,2026-03-10,2263.869468257349,0.013353902068518608,2272.674867767303,2279.857489073115,5.67952184898388
Tomato,Punjab,2026-03-11,2258.368428131401,0.034708545500035624,2256.0164806896855,2260.636708360847,5.806507822736815
Tomato,Punjab,2026-03-12,2266.331103205911,-0.03127789640871613,2268.9491264429294,2258.9773112862495,4.073490234109586
Tomato,Punjab,2026-03-13,2278.176566294559,-0.023357048052984525,2272.5319060337547,2266.769616147106,2.047560325552721
Tomato,Punjab,2026-03-14,2244.300103321949,-0.037878734751760915,2239.9654110497295,2232.1792740868614,4.465495868955993
Tomato,Punjab,2026-03-15,2244.051671432102,0.07561238525435388,2251.230766034655,2246.493712638435,1.881260413900241
Tomato,Punjab,2026-03-16,2268.652453261914,0.06772266534917327,2267.523713623772,2260.3006673824398,4.213944839961704
Tomato,Punjab,2026-03-17,2250.42447205859,-0.028430661916591684,2252.840020185184,2235.1877411867754,8.131268174292522
Tomato,Punjab,2026-03-18,2248.480913525165,-0.00801285079290758,2253.905884412935,2226.0415107747754,5.223205145318637
Tomato,Punjab,2026-03-19,2248.24861983977,-0.013634088416068588,2251.172918139864,2241.2884428462216,3.594833523517828
Tomato,Punjab,2026-03-20,2237.0307648445178,-0.009006865014571729,2229.085877491571,2233.1535836739204,4.974788431163019
Tomato,Punjab,2026-03-21,2226.501293182358,-0.05598734896301495,2227.3856557429494,2213.265149988244,7.070888747372612
Tomato,Punjab,2026-03-22,2217.996134779094,0.028190830846166578,2222.8288271099063,2222.29793839077,3.472979796351337
Tomato,Punjab,2026-03-23,2212.1387464977456,0.08308763503369143,2210.1567960686402,2201.1119567529577,2.964272165780692
Tomato,Punjab,2026-03-24,2204.4344084676018,0.05803595943386528,2203.508395106951,2210.712829932596,7.907653245117831
Tomato,Punjab,2026-03-25,2216.3426933643973,-0.03683792686390501,2223.7045512746936,2223.0459373793265,5.731932614728925
Tomato,Punjab,2026-03-26,2198.6995833571214,0.06463033579562442,2204.4926882744726,2193.693586363141,2.6915170071395527
Tomato,Punjab,2026-03-27,2178.7686965140674,0.019800882929303515,2178.884923972144,2157.3302602290646,1.4325547552078994
Tomato,Punjab,2026-03-28,2165.1114074319603,0.019676487544409975,2165.5166436534496,2166.859050599736,10.600787049036047
Tomato,Punjab,2026-03-29,2161.2178626581026,-0.0441744377014058,2163.7209699645578,2151.5932849519972,2.8627726675133847
Tomato,Punjab,2026-03-30,2166.340185042853,0.058624441373774074,2168.7698965120658,2158.3225126339785,4.7305441856289105
Tomato,Punjab,2026-03-31,2144.3518876861913,0.13339714922830873,2143.9679027543925,2137.445997477378,4.803880232573912
Tomato,Punjab,2026-04-01,2125.328676430736,-0.037613155095415685,2115.210217657273,2129.956108283932,7.634207660217769
Tomato,Punjab,2026-04-02,2130.3595970954875,-0.001234104677600844,2130.972320505945,2119.897519995315,5.559955744259423
Tomato,Punjab,2026-04-03,2128.3539866366054,-0.011445795627701972,2127.074882008286,2114.408143777852,6.72690891757474
Tomato,Punjab,2026-04-04,2154.7904072191736,-0.04674930447212,2151.6527252729093,2172.411282851653,4.5618504037005065
Tomato,Punjab,2026-04-05,2147.628710667534,-0.11338230161362267,2147.0128251537362,2150.71141630089,6.75253609508942
Tomato,Punjab,2026-04-06,2123.8935388912996,-0.008659869460060634,2125.0614222536083,2125.9446121677147,9.17568349002899
Tomato,Punjab,2026-04-07,2113.545030279909,-0.031171536364608083,2113.5123390739063,2130.389187612469,7.488758559163145
Tomato,Punjab,2026-04-08,2085.2178522199224,-0.08297487287538324,2082.8503048658094,2086.4946938235116,6.5093284608182165
Tomato,Punjab,2026-04-09,2041.7015618917824,0.07380118975057344,2038.5141532066082,2052.14828028907,2.6551835926821004
Tomato,Punjab,2026-04-10,2050.2008133607533,-0.011102448627260507,2048.9518491816343,2043.4101268887314,5.462385822983996
Tomato,Punjab,2026-04-11,2070.255356067351,-0.009432459868436487,2071.044116826589,2081.3713671281826,5.583969646471556
Tomato,Punjab,2026-04-12,2087.067797917238,-0.0038024316719347424,2079.483574230651,2079.572490738651,6.647319218318192
Tomato,Punjab,2026-04-13,2073.31761647769,0.0438228463150662,2070.6307504482743,2073.4408739795863,4.7250989341494725
Tomato,Punjab,2026-04-14,2088.0502355359913,0.020728471036436835,2087.0716845701313,2073.7894396055144,6.225412502849893
Tomato,Punjab,2026-04-15,2091.1013372983502,-0.033208608255844325,2096.2183660119326,2088.4517570042626,3.51561136609216
Tomato,Punjab,2026-04-16,2094.8898144492414,-0.08641935931597913,2090.2926697014886,2094.416839320782,1.8194633242926437
Tomato,Punjab,2026-04-17,2113.1996959091093,0.027598364894892424,2120.162656640366,2117.3071540321835,1.0131627252536575
Tomato,Haryana,2026-01-08,2123.541006978663,0.0765487961835287,2124.4144021213237,2113.749244973136,5.111534330925131
Tomato,Haryana,2026-01-09,2107.803262218312,-0.034753782530068854,2112.1654433719414,2117.5049520147068,7.119171063532989
Tomato,Haryana,2026-01-10,2108.5202631998272,0.03376092155987261,2103.212854234832,2113.559085149524,10.193887255891411
Tomato,Haryana,2026-01-11,2123.4005340905724,0.08806724394757008,2127.4752664375997,2120.081385195941,1.829003388206634
Tomato,Haryana,2026-01-12,2118.1275614356377,0.0428641774559215,2115.4538709452954,2109.291643059831,5.135189326141944
Tomato,Haryana,2026-01-13,2123.757932356031,0.02370639954563946,2126.458345089335,2119.47682333442,4.048291951073193
Tomato,Haryana,2026-01-14,2134.6663608997474,0.003428302011636193,2127.612929594245,2124.123795615322,8.06722128339715
Tomato,Haryana,2026-01-15,2157.755597707091,-0.027611647699385306,2164.510855038803,2163.778980828256,6.231445884529142
Tomato,Haryana,2026-01-16,2154.9347527676164,-0.010554079356220618,2158.9573591774424,2159.604229688712,4.709309860337058
Tomato,Haryana,2026-01-17,2136.988340129988,-0.0057867847366687535,2133.4528742660113,2119.1121850564114,4.087160620693382
Tomato,Haryana,2026-01-18,2128.1706257306246,0.0044871753831721,2125.4702351396572,2134.0438280174,4.866905895891701
Tomato,Haryana,2026-01-19,2141.3442919275303,-0.011938060455747563,2133.211381068461,2140.218446034726,3.0788538102602425
Tomato,Haryana,2026-01-20,2116.3968372397862,-0.036833237353793,2118.657652555439,2107.250168621643,2.535726104001403
Tomato,Haryana,2026-01-21,2116.217930166434,-0.06331058041654287,2120.633308734092,2108.7065148392485,5.484676349016862
Tomato,Haryana,2026-01-22,2096.282111536845,-0.008149597564376432,2101.2207400688612,2089.577670537216,4.3058975495203295
Tomato,Haryana,2026-01-23,2086.7582958573444,-0.01905716273730376,2083.774287875226,2092.0253866262947,6.4925412192255845
Tomato,Haryana,2026-01-24,2100.4150138202767,0.02122149439178976,2096.6142465852527,2093.8710137924304,3.7051614167580924
Tomato,Haryana,2026-01-25,2072.80711040219,-0.05676171574150843,2079.3172682049435,2089.4147559560183,8.358025846430348
Tomato,Haryana,2026-01-26,2060.542403665521,0.06869638431636503,2062.1102886732388,2075.289614137038,1.8549121489670317
Tomato,Haryana,2026-01-27,2069.0979696850773,-0.03913399803128955,2067.801046797296,2059.5539005631963,3.7804995268612043
Tomato,Haryana,2026-01-28,2056.277438693645,-0.06671733651210446,2052.090968840909,2063.4001272159226,1.5846897506477182
Tomato,Haryana,2026-01-29,2017.4054195644899,0.022272294443189667,2019.000216678626,1996.9892336670573,4.727397673788816
Tomato,Haryana,2026-01-30,2045.7407107708225,-0.003201093171685722,2042.8583194593043,2062.087536507205,4.668121494802637
Tomato,Haryana,2026-01-31,2051.8274398557264,0.08749173585721162,2052.1825725309095,2060.4002490056746,5.61020387288952
Tomato,Haryana,2026-02-01,2062.8787862380477,0.08016813363482801,2057.998546426189,2052.594524714933,5.748992346673983
Tomato,Haryana,2026-02-02,2080.6382393708473,-0.03980454766794163,2082.180009523636,2070.756348495393,6.407607665866687
Tomato,Haryana,2026-02-03,2097.670213352781,-0.05443611433140545,2090.5337322865653,2095.491125102745,2.5524323679066314
Tomato,Haryana,2026-02-04,2129.9340971308256,0.006595564508488418,2133.1490316074505,2120.8865911495495,4.2202198914370275
Tomato,Haryana,2026-02-05,2117.8654579974746,0.04885574662584692,2115.3601847262785,2118.0526552515553,2.9059914778849643
Tomato,Haryana,2026-02-06,2096.8967546269937,-0.000861751718591137,2099.2903728357956,2100.968795408545,5.563044610534968
Tomato,Haryana,2026-02-07,2073.85743887225,0.05472407504010595,2072.60498938845,2071.4236446479554,5.044282223819881
Tomato,Haryana,2026-02-08,2090.0521127048382,0.03196880825681435,2091.445582522934,2086.718168285191,2.1574276415580824
Tomato,Haryana,2026-02-09,2075.384791448542,-0.003566727288631262,2079.4535885246223,2071.409220286907,3.3209233244073513
Tomato,Haryana,2026-02-10,2070.853645541779,0.005661264352809838,2073.376801906504,2070.4022825171674,4.442505401949394
Tomato,Haryana,2026-02-11,2076.2350047759783,0.039890334556726914,2083.2165926756184,2073.4243793248274,3.8931463337349026
Tomato,Haryana,2026-02-12,2071.7596566044263,-0.003985245639278649,2076.6733759365325,2077.5001955172124,4.697962045266137
Tomato,Haryana,2026-02-13,2060.46690261977,0.04876532031375613,2055.0573625046004,2069.97073266431,6.356552981922941
Tomato,Haryana,2026-02-14,2047.444524528088,0.051726402756321004,2046.30594966704,2041.7422033145845,6.13279690481541
Tomato,Haryana,2026-02-15,2018.5098012994035,0.05423278608148844,2013.2946161695932,2027.4939206260353,5.4475301448040945
Tomato,Haryana,2026-02-16,2003.709286089114,0.05348565721041257,2007.3196203011325,2008.167146407792,5.017051392347066
Tomato,Haryana,2026-02-17,2010.2466970060805,-0.03309448296407572,2003.1634671644001,2001.9785866036336,5.476300465850695
Tomato,Haryana,2026-02-18,2008.8577144255262,-0.07526168183741275,2008.8402837139608,1990.60345523583,5.906051252316704
Tomato,Haryana,2026-02-19,1988.8003509049595,-0.01808863763514362,1983.4372419154624,1978.7763771207524,5.83863131993629
Tomato,Haryana,2026-02-20,1957.8176670487069,0.005825614564704319,1954.960008796372,1952.803438110759,6.139479263528679
Tomato,Haryana,2026-02-21,1923.7299404239347,0.03397312922916675,1920.0804253874421,1933.4875839399997,3.359050167213357
Tomato,Haryana,2026-02-22,1923.0999679551408,0.02656786874131736,1923.0457616056626,1922.9780137710904,4.3384964080957005
Tomato,Haryana,2026-02-23,1897.1047448296315,0.037614144631161694,1904.5505064806073,1894.7018511851038,0.48235185937175373
Tomato,Haryana,2026-02-24,1897.3467762303967,-0.02056606505125994,1896.5522370620254,1892.8536065608607,6.040952883438111
Tomato,Haryana,2026-02-25,1905.5796434036426,-0.03860919204757354,1907.448429223114,1899.1326099377643,5.143356205764689
Tomato,Haryana,2026-02-26,1904.2890008887387,0.12676119521612175,1903.8792140663277,1906.5394081653699,6.136896028145518
Tomato,Haryana,2026-02-27,1888.154286771697,0.023908972790715275,1891.6361438287609,1876.1364635838845,5.956590436120685
Tomato,Haryana,2026-02-28,1874.7608089289677,-0.07287286772403158,1872.6608902445182,1866.3158058892675,5.955293594391601
Tomato,Haryana,2026-03-01,1870.8025484038249,-0.0638239917711408,1871.8265984816053,1875.563044652779,5.157056204941538
Tomato,Haryana,2026-03-02,1867.9837779770626,0.01738921165399716,1864.8593907724965,1873.2804617843606,1.618537959728663
Tomato,Haryana,2026-03-03,1858.5203497214547,-0.022451718206565396,1858.461666259538,1864.718110654152,5.164000815471349
Tomato,Haryana,2026-03-04,1876.9431890498433,0.007159322886191296,1880.090085251698,1878.009955950175,6.4360047564792415
Tomato,Haryana,2026-03-05,1868.056307230995,-0.07541818018267298,1874.6241933406611,1871.4688196573356,6.770335569125175
Tomato,Haryana,2026-03-06,1876.7940039360644,0.003556379651943006,1890.5777757914984,1879.646727963034,4.461619241454026
Tomato,Haryana,2026-03-07,1900.5222870842233,0.06048224210044476,1903.3790305601442,1907.5184963260394,5.6765762775464275
Tomato,Haryana,2026-03-08,1901.2400297645343,-0.05474022598474268,1900.4945196069477,1901.4594862730323,3.7526057647250504
Tomato,Haryana,2026-03-09,1882.7174709674239,0.004363994605432401,1876.5093909107761,1885.0692597456784,7.648708178922593
Tomato,Haryana,2026-03-10,1891.6566929597436,0.017482546831640643,1889.2398490135313,1901.8804701143856,3.29465646605529
Tomato,Haryana,2026-03-11,1922.7723949118154,-0.05068762317301903,1925.2806357429167,1921.9835413157875,4.640221612439865
Tomato,Haryana,2026-03-12,1968.1643672912696,-0.06619361007505259,1968.498378247572,1955.5273958283194,5.940709755361823
Tomato,Haryana,2026-03-13,1961.5057351437922,0.04803143423432255,1961.4548322526834,1970.9260983183053,6.043144718983466
Tomato,Haryana,2026-03-14,1965.423523023333,0.03113578335077042,1959.0870623479586,1965.194815783354,4.27247815873096
Tomato,Haryana,2026-03-15,1955.7488935573283,0.03971187946097244,1949.4664566585193,1963.3815422406478,4.454956894467077
Tomato,Haryana,2026-03-16,1978.86997713819,-0.04232895090014305,1979.2976266015894,1980.4789220988487,3.9921727141339156
Tomato,Haryana,2026-03-17,1985.2839074780272,-0.026703626576344827,1982.8985736578786,2000.7830961398306,2.9688931901874547
Tomato,Haryana,2026-03-18,1969.6905408971486,0.031064487415650488,1965.0032753541761,1950.582137871374,7.737741256978175
Tomato,Haryana,2026-03-19,1983.152049185274,-0.014698811925600755,1986.6499582045954,1991.6920081950439,2.823170634783084
Tomato,Haryana,2026-03-20,1923.8746705359063,-0.030993215676050456,1929.459908936014,1941.1777393246025,5.197502753339847
Tomato,Haryana,2026-03-21,1934.1076830641564,0.030095145676833513,1925.8962513486426,1923.6520361820128,7.98582795957971
Tomato,Haryana,2026-03-22,1931.1395477662477,-0.05732163465249193,1934.4806932784948,1930.102470259427,5.8646972038086025
Tomato,Haryana,2026-03-23,1925.9437555584495,-0.05974040529123523,1922.0522471797494,1931.5959897046885,6.464776052030892
Tomato,Haryana,2026-03-24,1940.010067545987,0.02487517293565272,1945.187379581584,1944.600447291611,2.5902888054328965
Tomato,Haryana,2026-03-25,1958.256698929471,0.08072847641297398,1959.486654667547,1951.2578995710035,5.4210942339298445
Tomato,Haryana,2026-03-26,1961.3891813981513,-0.03515385341294597,1960.9368824975256,1960.302009568597,0.40980689052865227
Tomato,Haryana,2026-03-27,1962.7756400417793,0.0009514917585858791,1968.1832185454832,1964.1998388268412,6.673355596727961
Tomato,Haryana,2026-03-28,1952.1146291362732,0.03679553115893925,1961.5448197931275,1960.9196753023818,2.5763233864681885
Tomato,Haryana,2026-03-29,1938.6187682380735,0.03819388208763889,1935.2591013485442,1930.014778230342,3.5488039855732807
Tomato,Haryana,2026-03-30,1930.6703168008385,0.02295358440412007,1928.5592408461616,1919.1876621266367,6.929275684364211
Tomato,Haryana,2026-03-31,1929.3166088559103,-0.0021566074789574406,1929.2697793826096,1929.4979728433225,5.285645514632363
Tomato,Haryana,2026-04-01,1933.9942920009662,0.010954882348320906,1945.0489267882008,1935.6629913793952,9.187947273209936
Tomato,Haryana,2026-04-02,1922.6780978404863,-0.10183430832195076,1917.709391505998,1904.7407121936485,5.587435468891098
Tomato,Haryana,2026-04-03,1912.7943801124957,0.047558702125183795,1909.5945141284108,1908.8312576373087,5.103334313537073
Tomato,Haryana,2026-04-04,1899.5466073094187,0.12829385831644124,1898.2571236679867,1908.504016686131,4.215609274454489
Tomato,Haryana,2026-04-05,1917.7386770258531,0.03971341603732717,1912.6111650718374,1919.7119545964322,8.057328009577075
Tomato,Haryana,2026-04-06,1935.780779959564,0.01013932489092118,1939.7632442793006,1939.5179742789976,4.654723159209657
Tomato,Haryana,2026-04-07,1922.4480067513252,0.09717113130217385,1927.7794883812553,1930.8224875827716,6.303658601794971
Tomato,Haryana,2026-04-08,1901.316514912989,-0.03647703434453891,1903.915543267685,1910.8073734011914,4.937266622215456
Tomato,Haryana,2026-04-09,1901.7402207616253,-0.06528679741412881,1905.2631392458022,1920.6085066942987,4.014475113072135
Tomato,Haryana,2026-04-10,1900.4896861727905,0.045451601152624026,1902.6620666639124,1907.6893140919572,3.698674733341991
Tomato,Haryana,2026-04-11,1913.0619462002858,-0.028536419232425104,1915.9324582850863,1900.6405690195377,5.311046093639405
Tomato,Haryana,2026-04-12,1902.601756182404,0.09518174164997328,1898.0215053477557,1906.7824682112443,3.918420971524611
Tomato,Haryana,2026-04-13,1929.3547929702008,-0.01849099901319419,1933.563600045452,1909.7969171103202,7.273991965075491
Tomato,Haryana,2026-04-14,1922.2271590812159,0.020072512633927383,1924.804585740438,1927.9493373173805,6.506819963712199
Tomato,Haryana,2026-04-15,1910.3368075467163,-0.037253467335884013,1905.7135552012237,1908.8003043425783,7.21364180106255
Tomato,Haryana,2026-04-16,1902.5776282457093,0.03276642041312253,1907.3051947388176,1886.1238469768537,4.358959149924921
Tomato,Haryana,2026-04-17,1876.533122838097,-0.0066641961538790795,1881.4748665163283,1870.8166243680284,6.171619572728472
Tomato,Himachal Pradesh,2026-01-08,1872.783545590731,0.051535665592855995,1865.978063003357,1874.3684672977556,6.443306190304664
Tomato,Himachal Pradesh,2026-01-09,1886.368749595658,0.002988352781093348,1873.6830096119024,1895.0292541494796,6.275460161066801
Tomato,Himachal Pradesh,2026-01-10,1907.147530860829,-0.10285567917780099,1914.139617248315,1901.2073704691663,4.526617504547775
Tomato,Himachal Pradesh,2026-01-11,1878.6764387835253,-0.05083601397101382,1889.4927064292413,1873.854574135436,8.332520255158293
Tomato,Himachal Pradesh,2026-01-12,1859.4357180645766,0.08630158232476959,1857.8612768596195,1845.3532593588043,5.604192881986679
Tomato,Himachal Pradesh,2026-01-13,1872.4910122938707,0.0017645741466389424,1879.622667701726,1877.0871668943178,1.0783438258471008
Tomato,Himachal Pradesh,2026-01-14,1868.914141382521,-0.034223306748788124,1863.5985732737709,1870.8756422085619,5.365636065150346
Tomato,Himachal Pradesh,2026-01-15,1853.4731684474434,-0.02933442896607314,1846.9810307953303,1844.0346884266617,3.6801381015351
Tomato,Himachal Pradesh,2026-01-16,1857.4590643909219,-0.030275375163619597,1851.9502043816763,1845.0910158614372,7.777274443683476
Tomato,Himachal Pradesh,2026-01-17,1882.0784750364269,0.047526726600639224,1885.0017663248955,1877.261981964984,5.409275464257262
Tomato,Himachal Pradesh,2026-01-18,1859.8272167148257,-0.05890258146719915,1859.95775590407,1856.7467476031372,5.671511415426579
Tomato,Himachal Pradesh,2026-01-19,1865.3774305740096,-0.06222263831462546,1864.232029566426,1850.6560789162784,2.014539254848826
Tomato,Himachal Pradesh,2026-01-20,1872.4315504767317,0.13457020892969482,1871.8503516304868,1864.8384666918103,3.766985944335959
Tomato,Himachal Pradesh,2026-01-21,1892.8324654707465,-0.07487559134582769,1884.1163489567502,1886.5934288745502,4.957925381867381
Tomato,Himachal Pradesh,2026-01-22,1907.1085650347381,-0.16332319201533685,1900.6201100863732,1910.8769466892502,2.5558064665208553
Tomato,Himachal Pradesh,2026-01-23,1922.8398391288204,0.025896835780757556,1919.340654732669,1933.781257811563,2.674735125096342
Tomato,Himachal Pradesh,2026-01-24,1931.0423482809063,0.032828605780683744,1933.040229640085,1946.6674542283924,3.9622798015147476
Tomato,Himachal Pradesh,2026-01-25,1937.01571332446,-0.02671394244853303,1938.7724780798112,1919.0221485429422,4.755506745318491
Tomato,Himachal Pradesh,2026-01-26,1927.20915432241,0.005762784482038269,1924.294966379067,1938.4168839561319,5.371915214963092
Tomato,Himachal Pradesh,2026-01-27,1919.228737499939,0.06555279245433697,1916.7496598790478,1929.1230192547966,1.3872320263704614
Tomato,Himachal Pradesh,2026-01-28,1941.7393103554732,-0.07289411884915177,1944.6586645276982,1940.575566045024,7.685382387761223
Tomato,Himachal Pradesh,2026-01-29,1943.97597125637,-0.07824353787804333,1945.4417767800064,1949.68208520003,2.42612388839092
Tomato,Himachal Pradesh,2026-01-30,1946.2601914245547,0.02775942774246783,1948.9640875860916,1918.9066520194488,8.58271284750107
Tomato,Himachal Pradesh,2026-01-31,1980.0339352134501,0.0135593316151165,1973.9861189475068,1970.00385854877,5.018133209817739
Tomato,Himachal Pradesh,2026-02-01,1969.6522430028508,-0.04686568998474552,1963.5688898537308,1959.5496058467156,5.335332308428652
Tomato,Himachal Pradesh,2026-02-02,1971.0677651145538,-0.07268495831452883,1972.440964509355,1970.0303692591076,3.9940630803435933
Tomato,Himachal Pradesh,2026-02-03,1969.9541655800997,0.06850245091419922,1969.430687112042,1969.0357751706467,6.378914611821869
Tomato,Himachal Pradesh,2026-02-04,1947.464560557281,-0.04070636428316273,1945.64730769133,1944.0061839011025,3.551775821916021
Tomato,Himachal Pradesh,2026-02-05,1945.8123498062716,-0.01826965139159976,1948.014736404453,1952.6152532196181,1.8909716613914362
Tomato,Himachal Pradesh,2026-02-06,1942.8581031928045,-0.023409411003646442,1943.4604510158074,1948.4568357394778,5.682251415756364
Tomato,Himachal Pradesh,2026-02-07,1954.027770698059,-0.11828002978891486,1953.8819604626726,1983.7564081761475,2.4225523244938243
Tomato,Himachal Pradesh,2026-02-08,1962.8606042113872,-0.03249733605440095,1971.0847251942187,1958.287802186295,5.029355804976112
Tomato,Himachal Pradesh,2026-02-09,1975.1038473985484,0.004023266909708677,1972.182882561122,1986.5806358333157,4.471806098839761
Tomato,Himachal Pradesh,2026-02-10,1971.129860738346,0.0205515029244408,1969.5347481243427,1970.9189814156705,2.9160558682821716
Tomato,Himachal Pradesh,2026-02-11,1965.4624129573945,-0.08624000884837768,1967.942457737053,1958.3905241177397,4.6495591680527895
Tomato,Himachal Pradesh,2026-02-12,1962.1956111268007,0.008568353554920301,1957.033008406484,1945.6209037027415,7.023053981701771
Tomato,Himachal Pradesh,2026-02-13,1974.6463258534848,-0.04130231237023349,1984.3767124405204,1980.6405269139198,5.609115891304203
Tomato,Himachal Pradesh,2026-02-14,1963.9384903731006,-0.08078406274326859,1967.8558326034731,1961.932355751823,2.4888718759831394
Tomato,Himachal Pradesh,2026-02-15,1944.7821275860601,0.011938604874631553,1948.8151057825285,1936.1541641092904,3.727589157111761
Tomato,Himachal Pradesh,2026-02-16,1928.773518527278,-0.016064656068767856,1929.4431929130144,1907.1690056833258,7.143957600748211
Tomato,Himachal Pradesh,2026-02-17,1943.046664926137,0.006644861754258404,1944.1977958928728,1948.488053480558,6.688051905840419
Tomato,Himachal Pradesh,2026-02-18,1948.1818876324103,-0.06549356587918609,1946.208592622292,1973.351174629648,3.59745054932504
Tomato,Himachal Pradesh,2026-02-19,1927.5310472504636,0.025318762705044302,1913.166812770377,1936.9681811371404,7.013437782655843
Tomato,Himachal Pradesh,2026-02-20,1927.301242070707,-0.03781395186811448,1929.6277012348726,1936.1637802437758,7.949781806235759
Tomato,Himachal Pradesh,2026-02-21,1931.9394145250321,0.032105932745199364,1931.1710494346191,1926.749800357414,4.037204150792519
Tomato,Himachal Pradesh,2026-02-22,1943.1201773935347,0.04591299739010677,1938.4544674837318,1939.5709685933978,5.662181786777588
Tomato,Himachal Pradesh,2026-02-23,1952.1198345071768,-0.04384393696420091,1942.5029599593893,1959.372436976318,6.619850905796161
Tomato,Himachal Pradesh,2026-02-24,1957.6077856234274,0.028207528873650287,1953.7950352590506,1948.88213442666,1.7513062987551673
Tomato,Himachal Pradesh,2026-02-25,1943.6416720380487,-0.031088113299172594,1947.0160117421694,1950.9335935521588,5.601993672834956
Tomato,Himachal Pradesh,2026-02-26,1958.10642526974,0.09661452743849014,1959.944577355188,1969.7804760467911,4.722621251639725
Tomato,Himachal Pradesh,2026-02-27,1955.6734955523775,-0.0040025783274452885,1950.237452964609,1959.012951616615,4.482538885184959
Tomato,Himachal Pradesh,2026-02-28,1945.0788196169412,0.04476678425363366,1941.7904663106065,1943.1851453945706,4.962145467490858
Tomato,Himachal Pradesh,2026-03-01,1921.3119255389176,-0.06155865715884284,1934.6132275295458,1911.1270322702458,7.581170598651955
Tomato,Himachal Pradesh,2026-03-02,1932.7834464007533,0.07219647251026855,1944.1906869597003,1942.2612832088862,5.9077873158348195
Tomato,Himachal Pradesh,2026-03-03,1916.0988619482519,0.08211159971580295,1918.4429284585951,1927.5851657077594,3.7888854605578324
Tomato,Himachal Pradesh,2026-03-04,1934.8592130706122,0.027866259874116103,1936.7101248061708,1924.2173859431184,6.150937490552308
Tomato,Himachal Pradesh,2026-03-05,1937.1569042368621,0.017092180922921002,1937.121181738594,1936.2935232387129,2.856645725526123
Tomato,Himachal Pradesh,2026-03-06,1920.1419802758398,0.07735751260991508,1921.541197140513,1901.9320203125103,6.206090409403651
Tomato,Himachal Pradesh,2026-03-07,1917.7404708982297,-0.06422347280982474,1921.5419908911028,1907.5488500565364,5.218176487082238
Tomato,Himachal Pradesh,2026-03-08,1907.5864785619817,0.06269198070655928,1902.6741761104645,1919.2605708064395,5.459614092783727
Tomato,Himachal Pradesh,2026-03-09,1892.0340712626203,0.03558557378674804,1897.8866740638916,1891.8197521353334,0.08755366200330972
Tomato,Himachal Pradesh,2026-03-10,1909.2144364113672,0.08288895500751459,1912.7621108728165,1915.1900117805842,3.37217565737823
Tomato,Himachal Pradesh,2026-03-11,1902.7077200508468,0.002862947736000241,1905.2738041660798,1894.8207364930327,4.556836294628725
Tomato,Himachal Pradesh,2026-03-12,1915.5970309117272,-0.011094392182334548,1926.6446700588729,1909.5950219141116,4.386414022993256
Tomato,Himachal Pradesh,2026-03-13,1901.4182914453552,-0.002240795031231251,1906.4651396339889,1905.6217049809843,6.008760108323047
Tomato,Himachal Pradesh,2026-03-14,1907.16871610229,0.0430610378121833,1909.0890955048442,1894.8051130808917,8.407323649104796
Tomato,Himachal Pradesh,2026-03-15,1885.0539531055983,0.03164835364748697,1883.5574187866919,1884.9591036883953,1.5715002989917326
Tomato,Himachal Pradesh,2026-03-16,1876.3746575319212,-0.06600775306280984,1884.863299577444,1883.725416464061,2.8989876185284373
Tomato,Himachal Pradesh,2026-03-17,1847.3012619900692,0.014238612985589837,1842.441718030652,1846.803260253371,5.323897942364957
Tomato,Himachal Pradesh,2026-03-18,1846.008896328658,0.06304678664585694,1844.763348539604,1854.7612578564033,7.176712578413493
Tomato,Himachal Pradesh,2026-03-19,1852.31808600037,-0.05050656360259982,1860.8546159433365,1861.4768768192107,5.5863326894938385
Tomato,Himachal Pradesh,2026-03-20,1857.026142581101,0.05439564363275889,1848.9502916741105,1867.6033493330565,6.757534558235425
Tomato,Himachal Pradesh,2026-03-21,1834.9776795598618,0.028026930701274246,1829.7797019471575,1832.6597760828572,5.6826465820098235
Tomato,Himachal Pradesh,2026-03-22,1830.0319143364047,-0.05110179376569318,1828.134213765537,1820.8323318331875,2.7702533057494327
Tomato,Himachal Pradesh,2026-03-23,1811.150295019566,0.0030460679878059806,1809.5111784575427,1820.2963955907462,5.960762848954007
Tomato,Himachal Pradesh,2026-03-24,1816.2836635586498,0.029477156564697855,1815.3846464640567,1818.1925079186888,4.279717579863686
Tomato,Himachal Pradesh,2026-03-25,1812.6175860835926,-0.03703234456816894,1819.5989416219372,1819.882756347421,3.24876528386163
Tomato,Himachal Pradesh,2026-03-26,1803.029274885114,-0.10616964510880736,1806.2977373163153,1814.5925960115703,3.8970735712845594
Tomato,Himachal Pradesh,2026-03-27,1798.0660541091067,0.045303046120739765,1806.1015557295996,1794.2283753115037,3.836064470790827
Tomato,Himachal Pradesh,2026-03-28,1789.8673281274293,-0.03528700622743863,1789.1101846911615,1792.55374030503,3.230474014976953
Tomato,Himachal Pradesh,2026-03-29,1820.3624231596914,-0.0504450657202897,1814.4490970153522,1811.5172752897197,3.909570501841337
Tomato,Himachal Pradesh,2026-03-30,1810.2428312518828,-0.011991523243697084,1811.4534582038111,1816.8754292961921,6.451372236382668
Tomato,Himachal Pradesh,2026-03-31,1810.5974316041224,-0.024017958101931552,1817.5570862736474,1807.9456877039722,6.405961061269709
Tomato,Himachal Pradesh,2026-04-01,1793.264149122238,-0.03433628805338794,1800.1717865632654,1792.0194198936483,2.700273482784117
Tomato,Himachal Pradesh,2026-04-02,1771.2298488384272,0.06659129007217485,1773.7668997736507,1784.9543445191875,2.873029965507511
Tomato,Himachal Pradesh,2026-04-03,1769.481284018163,-0.03517111334920753,1764.7041454581195,1770.2929124081859,3.622052791095327
Tomato,Himachal Pradesh,2026-04-04,1803.8124367795992,-0.0013937319935134725,1795.8848723124895,1797.446473104962,9.781842198645387
Tomato,Himachal Pradesh,2026-04-05,1786.6963101824365,0.004806299981004947,1790.725360969833,1777.0426509209005,7.274855396633662
Tomato,Himachal Pradesh,2026-04-06,1777.9583589045003,-0.048955811713977664,1788.8912030655943,1781.3347382048037,4.771561220519587
Tomato,Himachal Pradesh,2026-04-07,1790.5979002052409,0.0040460430528964555,1792.1700726060305,1786.8549451545305,2.863722668543818
Tomato,Himachal Pradesh,2026-04-08,1792.1880989015926,0.026030148908439896,1798.711285213359,1789.7188982820194,2.5194612191341164
Tomato,Himachal Pradesh,2026-04-09,1757.06646338594,-0.11413077277090276,1762.9462298614974,1756.5863767249919,10.313806749925465
Tomato,Himachal Pradesh,2026-04-10,1776.7260884779914,-0.09894299783011634,1778.410209073014,1759.8883527070261,9.478944527207261
Tomato,Himachal Pradesh,2026-04-11,1786.8962302216958,-0.02960430038099256,1796.4452231141838,1768.7950579879582,4.15525115531301
Tomato,Himachal Pradesh,2026-04-12,1778.0780177779661,0.013816458668026355,1778.3842854487534,1770.8287980154837,4.0646423617654115
Tomato,Himachal Pradesh,2026-04-13,1795.4563995708959,-0.05421501488656219,1809.7813408674115,1796.1034331861981,7.6805971593667355
Tomato,Himachal Pradesh,2026-04-14,1776.6776017460165,-0.09063059044081506,1773.922050044416,1790.626883810631,3.079904925788841
Tomato,Himachal Pradesh,2026-04-15,1772.2914560380225,0.06559665839614197,1770.0497663845983,1784.1069138929613,7.347472744023129
Tomato,Himachal Pradesh,2026-04-16,1789.5591932352354,0.14064621165919963,1785.060582593375,1761.2754005800905,4.728491933716967
Tomato,Himachal Pradesh,2026-04-17,1818.1169906425212,-0.04750409341384348,1813.463858346702,1830.6082122895052,6.472895456773351
Maize,Punjab,2026-01-08,1499.2755486339543,-0.013409801743808633,1497.0332831138571,1496.2669685393355,8.64397009306477
Maize,Punjab,2026-01-09,1483.5923976450495,-0.019732455977462413,1490.261768625254,1493.1797667871938,0.6922381592518585
Maize,Punjab,2026-01-10,1472.0980043810646,0.05792822933209151,1475.483188805388,1473.1224407598136,6.307497404093851
Maize,Punjab,2026-01-11,1478.3643018227156,0.006447567787921897,1484.3491800158802,1506.477483235886,2.96885756339195
Maize,Punjab,2026-01-12,1474.8326399129967,0.081575268792503,1478.4730926345119,1477.3914185507538,6.448096002487424
Maize,Punjab,2026-01-13,1461.1718541780738,-0.024518641348386418,1458.9828595802078,1444.0260886668295,5.7078406215855315
Maize,Punjab,2026-01-14,1431.1954252184887,-0.011271473474655376,1427.3284525170134,1438.2914037289152,6.045918785252636
Maize,Punjab,2026-01-15,1444.0516944243566,0.043757446343180934,1446.276779755886,1442.2015380976366,6.1142783289577185
Maize,Punjab,2026-01-16,1453.25033132921,0.02826493652136332,1446.3395831617488,1462.3228504686388,6.029639579291752
Maize,Punjab,2026-01-17,1445.3152801840224,-0.05514904751979391,1438.5290580971732,1458.4147003259989,5.556456848322095
Maize,Punjab,2026-01-18,1447.7516956332313,-0.03499308438927389,1442.9869578590954,1431.6116113743194,8.571899379759138
Maize,Punjab,2026-01-19,1437.4043876105616,0.05584677060306156,1435.0749905592693,1414.382201043954,3.4695417376577367
Maize,Punjab,2026-01-20,1444.182915367641,0.04264474078373298,1443.6849210263504,1445.4160232560969,2.833852590390461
Maize,Punjab,2026-01-21,1455.0172732539747,-0.07551024162607453,1452.506297647016,1462.5960239824942,6.101644060999099
Maize,Punjab,2026-01-22,1478.442989260895,-0.05588811739374429,1475.5801018797038,1489.2736009221933,4.385893908269424
Maize,Punjab,2026-01-23,1489.900013639573,0.026351150908053234,1496.4406214747512,1498.6319136047334,5.732637937330547
Maize,Punjab,2026-01-24,1491.7290866337607,-0.011237223130801161,1492.5902049983526,1493.0938062543364,8.349794590178853
Maize,Punjab,2026-01-25,1488.8199852542377,0.009301407837750847,1483.803416280997,1474.0412152016347,7.271815868613906
Maize,Punjab,2026-01-26,1491.6743318433057,-0.015968920207972335,1499.61862474356,1495.288371068288,0.7638559544652415
Maize,Punjab,2026-01-27,1497.728601312547,0.035025906955136826,1490.3978702742247,1487.908542335072,2.2237972561963146
Maize,Punjab,2026-01-28,1486.662717864039,-0.08814311902990787,1483.2451015799295,1496.9859331301186,6.22014413444987
Maize,Punjab,2026-01-29,1480.7581182931197,-0.009063842072637466,1493.1352289591428,1473.559010807588,2.8303603711392094
Maize,Punjab,2026-01-30,1477.3538931531027,0.050779102023920254,1474.8551235877144,1482.1196518284762,3.6741535202649134
Maize,Punjab,2026-01-31,1494.7945860810992,0.024254065335953066,1505.1418327758745,1475.966964537242,7.288738259914197
Maize,Punjab,2026-02-01,1486.3152011086938,0.016158615246051746,1494.1955276719268,1465.6992213621584,5.700000123981532
Maize,Punjab,2026-02-02,1486.1017744512492,-0.035391773528673294,1489.8878620691758,1506.878127469881,1.4469843596483325
Maize,Punjab,2026-02-03,1502.0713343423931,-0.01291876839486999,1491.054011304012,1484.0199067554274,1.6909065307089337
Maize,Punjab,2026-02-04,1512.2693299426146,0.08185973347762154,1511.8591266525634,1492.6462504917704,5.038845367415953
Maize,Punjab,2026-02-05,1531.5648104528411,0.02610911884759214,1526.5253935440992,1509.8821257436723,2.1926080318216803
Maize,Punjab,2026-02-06,1536.9812466560165,-0.045064448388031225,1539.4158063808657,1549.7592034698373,8.320802504943302
Maize,Punjab,2026-02-07,1541.7808101613311,0.048395567141190705,1539.9489765607916,1548.7718368631224,2.824295782290646
Maize,Punjab,2026-02-08,1556.60426660716,0.03738116235887982,1549.710124196536,1553.652284149025,4.790100976508043
Maize,Punjab,2026-02-09,1570.2692730750634,0.07880413662022104,1568.1334928404176,1565.5192004088292,7.113426197692032
Maize,Punjab,2026-02-10,1544.5099479755434,0.005113669342687868,1541.6716029817972,1527.0057381528138,6.406621477676426
Maize,Punjab,2026-02-11,1539.6724813606681,-0.07995853379603635,1537.8367673144035,1532.3613061771703,4.005689754028424
Maize,Punjab,2026-02-12,1539.613970664565,-0.062404355240413704,1532.9531111057092,1531.6304913060817,6.532727937886399
Maize,Punjab,2026-02-13,1512.9847816441918,-0.08818956899371372,1513.313516910194,1507.1862579579663,3.8316354613191668
Maize,Punjab,2026-02-14,1508.9108763656293,-0.04478777585655937,1506.6930691753992,1508.4027318247522,8.425850127320587
Maize,Punjab,2026-02-15,1515.932314942856,-0.04938662606786382,1517.249040078025,1505.1363357566051,3.7113749747792415
Maize,Punjab,2026-02-16,1479.9112864685383,-0.004380576058661541,1477.5548620030431,1473.9484425470907,5.449736559285589
Maize,Punjab,2026-02-17,1468.6172687430771,-0.0016656689691542399,1467.1090576294882,1457.2076427362272,5.828377456286087
Maize,Punjab,2026-02-18,1468.5816609358722,-0.037971506674958785,1473.7139107125479,1473.688347643303,4.866882652323078
Maize,Punjab,2026-02-19,1469.0123553831395,0.022281775587007176,1467.8494131191276,1467.1551866011334,5.671943937030421
Maize,Punjab,2026-02-20,1465.7262545913402,0.04248251695833369,1461.6444640256343,1460.8030141680315,5.017446060340658
Maize,Punjab,2026-02-21,1465.004417717802,0.01210198703691961,1457.7948563550342,1455.4307943341648,4.490565969539521
Maize,Punjab,2026-02-22,1456.0501916675466,0.03178290612073654,1460.9566103418726,1464.5610721341436,5.710003069969849
Maize,Punjab,2026-02-23,1437.3665845181542,-0.09675504705829839,1432.1947781098315,1444.7325328450816,2.142214965763833
Maize,Punjab,2026-02-24,1439.9192019620666,-0.004009520896830836,1442.9983389946985,1436.771682436437,4.361819350747827
Maize,Punjab,2026-02-25,1443.6282048068856,-0.014471296556209951,1440.933548262601,1432.6158625747744,5.753599158698918
Maize,Punjab,2026-02-26,1470.3346015111688,0.027221757079817235,1461.8656994408768,1466.9233720006114,1.3346534083927528
Maize,Punjab,2026-02-27,1470.0062996650227,0.0765592911608865,1478.3534449437157,1469.535019818337,4.736980226286311
Maize,Punjab,2026-02-28,1474.291642409345,0.029911266848910906,1472.4023232240784,1480.147681881865,4.421932495690135
Maize,Punjab,2026-03-01,1461.3787744373026,0.05767032965822236,1459.397714426756,1468.1091000391618,7.965810760888944
Maize,Punjab,2026-03-02,1446.3404714979538,0.09114889627722364,1440.2115816341034,1435.4982478096686,1.8701011357343198
Maize,Punjab,2026-03-03,1422.773810811553,-0.07632441493973369,1417.588437733364,1426.6043433463594,4.207294038599969
Maize,Punjab,2026-03-04,1419.8852749960492,-0.03995032745753707,1423.7422109070894,1422.3716228426274,3.6773251344802693
Maize,Punjab,2026-03-05,1399.6322351065037,0.017417748095984405,1401.4710538687116,1393.065000103232,6.238082082753005
Maize,Punjab,2026-03-06,1396.3657457412633,-0.024859339073793386,1399.8293992047636,1396.1712036329047,6.9073294178563245
Maize,Punjab,2026-03-07,1394.5741126725038,0.004930237886447365,1396.9122360809104,1391.3382381813944,7.173453170028503
Maize,Punjab,2026-03-08,1386.3974956067539,0.0098284089661113,1374.7328988606407,1394.8570666063467,4.559991937830296
Maize,Punjab,2026-03-09,1372.808118951801,-0.03201033363068135,1373.2882478026222,1393.6412823084063,3.697096046366749
Maize,Punjab,2026-03-10,1393.4672044966023,-0.02301135232499546,1392.4491590384016,1401.113226357968,7.781010228005776
Maize,Punjab,2026-03-11,1390.1047362536287,0.045973468888107986,1383.2634169966416,1398.697753341878,4.463360948452421
Maize,Punjab,2026-03-12,1409.4900313097035,-0.026027059777261326,1402.9621132259197,1414.646142893496,6.862759019505646
Maize,Punjab,2026-03-13,1391.2852612161314,-0.011626724146169809,1391.9617225959767,1394.093510312569,7.568473049698492
Maize,Punjab,2026-03-14,1387.352076899343,-0.002351502245513717,1396.485259250046,1379.2965429877324,1.969784906562161
Maize,Punjab,2026-03-15,1394.893029430831,-0.04584796361984631,1386.3018836775193,1362.400178085336,5.546553566681484
Maize,Punjab,2026-03-16,1405.6525890942792,-0.032828594856942124,1406.3603281663186,1403.7468376729582,5.1158815365596
Maize,Punjab,2026-03-17,1385.7787404455328,0.0481206258710609,1388.776187057613,1387.2399087431595,7.401986657738995
Maize,Punjab,2026-03-18,1401.897688776188,-0.029985711008711943,1401.326912927748,1397.215061077921,6.546960198412985
Maize,Punjab,2026-03-19,1408.548331408414,-0.06632002089545447,1400.1602538413879,1408.545897866979,5.502016474044491
Maize,Punjab,2026-03-20,1413.7546148179056,-0.03436033622175184,1410.0644843792495,1417.8194583562176,4.315085960823515
Maize,Punjab,2026-03-21,1411.7020134572388,-0.038047060012195044,1419.7209648735434,1413.7576548373247,1.9714479776073115
Maize,Punjab,2026-03-22,1421.6280924431276,-0.022537248221428073,1423.5525754471305,1422.6100557504697,4.874012436311592
Maize,Punjab,2026-03-23,1425.0750393766293,0.027320921479871543,1424.2926579985049,1421.9980005708724,6.792428708708993
Maize,Punjab,2026-03-24,1426.2681736955021,-0.029907207497998328,1420.4224719632116,1419.7260198754807,5.881911466031686
Maize,Punjab,2026-03-25,1427.932982528646,-0.04327975843699566,1422.943889459631,1416.8104801852533,3.357475570428831
Maize,Punjab,2026-03-26,1386.4299184942367,0.020838656649788553,1391.2830862053568,1389.2219661763327,4.3401440184178455
Maize,Punjab,2026-03-27,1406.1209878776322,-0.04752638757073799,1405.678719334113,1417.9566894543548,8.216279130877936
Maize,Punjab,2026-03-28,1377.279219369217,-0.017570145904596778,1373.5438895121697,1374.7863644202926,6.625073974259109
Maize,Punjab,2026-03-29,1396.4176937462778,0.01720633232084213,1395.8023125788304,1390.4882005616378,7.27978681767011
Maize,Punjab,2026-03-30,1406.106019861636,0.029807743168737983,1408.4834677090378,1412.5133091519165,3.361994468415463
Maize,Punjab,2026-03-31,1413.3544142844341,-0.06399031885953599,1416.0356309845333,1408.7440762354067,1.8961118664600125
Maize,Punjab,2026-04-01,1391.7872799901966,-0.054067834331057774,1388.1446499807928,1389.1775734897685,6.362036490380425
Maize,Punjab,2026-04-02,1402.8198422836836,0.06151246996396614,1402.313780222193,1404.0202847752864,3.025172490075508
Maize,Punjab,2026-04-03,1411.1423741202393,-0.007670566760768093,1409.823084311674,1424.7542663663562,6.946558760711419
Maize,Punjab,2026-04-04,1411.9976805134788,-0.039151060889540824,1413.9663983198227,1412.4647567102807,7.783736523943188
Maize,Punjab,2026-04-05,1412.8897475682536,-0.026092817948013047,1415.5533014064454,1424.092653842752,2.9829285220551323
Maize,Punjab,2026-04-06,1405.7066324832713,0.018856105382553754,1405.246613719384,1407.523466178599,6.985719848387327
Maize,Punjab,2026-04-07,1410.2874792236933,0.051749191588787526,1404.2480620997958,1404.6561304370434,4.540098887351744
Maize,Punjab,2026-04-08,1412.1156281836625,0.0007068630970088519,1409.9745204251847,1405.3698961205635,5.113457243387985
Maize,Punjab,2026-04-09,1393.672875437796,0.0345597563652376,1389.6243203156469,1380.4771174432524,6.470553140673999
Maize,Punjab,2026-04-10,1389.824360659679,0.012675726741049269,1389.303473758052,1415.1916556864996,5.6322265701553516
Maize,Punjab,2026-04-11,1373.8153431153276,-0.012374174377114541,1380.5111401972654,1373.9290213559902,4.71926455479103
Maize,Punjab,2026-04-12,1361.792816232189,-0.004492688194368626,1362.121139945695,1353.249386869596,5.355443613765837
Maize,Punjab,2026-04-13,1353.569272999759,-0.04317219367089666,1351.8150684278469,1352.2177340969722,5.205765097370802
Maize,Punjab,2026-04-14,1359.7345536658127,-0.01988901370596546,1361.9030228083082,1363.988277885008,4.954626009480738
Maize,Punjab,2026-04-15,1368.4322138053792,0.09496577160579664,1365.7016247795036,1366.3569251550666,4.5168668757576125
Maize,Punjab,2026-04-16,1360.735016142597,-0.054340113376547566,1359.5366450169702,1363.8345138548716,4.906020466962871
Maize,Punjab,2026-04-17,1376.1626180755934,0.12451385259544144,1369.8229782144274,1365.334358099545,6.056731543305574
Maize,Haryana,2026-01-08,1362.2346080638988,0.10778322275541988,1370.4787861104471,1369.1890552594155,7.8886392786289035
Maize,Haryana,2026-01-09,1369.7162847628554,0.03164311420904332,1373.7973530728368,1371.7584820938603,3.491093247699304
Maize,Haryana,2026-01-10,1382.1532860550753,-0.07168322754347894,1383.5303603482866,1383.5222810144537,5.328603935223147
Maize,Haryana,2026-01-11,1401.7924663604738,0.04573607254723912,1393.1450606101348,1415.2499794163111,2.836705267007355
Maize,Haryana,2026-01-12,1398.7289196370884,-0.0525891126871061,1400.761007855797,1407.338902336647,5.560772793098026
Maize,Haryana,2026-01-13,1395.421275343435,0.05521188553726636,1397.3705974392265,1406.6806696937638,10.102355911057398
Maize,Haryana,2026-01-14,1389.6409984301597,-0.00515925657564216,1383.9408012171257,1391.8512952901067,5.972891127565303
Maize,Haryana,2026-01-15,1394.1281551541092,0.004167794123251559,1384.125928729473,1397.818873220731,4.598231242111979
Maize,Haryana,2026-01-16,1386.6585376788585,-0.05021496503945341,1386.173681448926,1369.0841924300921,4.983966869521059
Maize,Haryana,2026-01-17,1404.499294096722,0.02228842426535943,1404.6755808379235,1384.965754646576,1.8109426475039725
Maize,Haryana,2026-01-18,1391.7522389324124,0.0018427421671028431,1385.6546397214208,1398.1187479584123,8.204433068486578
Maize,Haryana,2026-01-19,1378.124383610826,0.03456620723070485,1378.938158704838,1386.5965185646937,3.302182225551171
Maize,Haryana,2026-01-20,1365.2463872622413,0.025276808761451233,1365.2179709824209,1372.831429060392,5.446152907900767
Maize,Haryana,2026-01-21,1362.79166686426,-0.01810769092643385,1360.7966710470769,1371.5137846787766,6.659683066606771
Maize,Haryana,2026-01-22,1353.7860463987674,0.06979327547318197,1347.6240577721499,1340.7082933797553,4.420194351669902
Maize,Haryana,2026-01-23,1371.2842344859962,0.020709160192782836,1379.2870308995346,1373.8741617713235,6.4238623841732565
Maize,Haryana,2026-01-24,1357.3521032639214,-0.0406008296189412,1356.7324174182972,1368.8777886709465,3.3608735749903556
Maize,Haryana,2026-01-25,1365.4979075398185,0.057575055866625216,1365.0129602770219,1350.1516600855207,0.9664702350107728
Maize,Haryana,2026-01-26,1375.2677567482147,0.04115102887139488,1374.2770370508754,1367.0133961620609,7.5418015432396555
Maize,Haryana,2026-01-27,1400.2511767000556,0.04866794195273596,1404.6582713021005,1384.8988882003823,5.407398122042337
Maize,Haryana,2026-01-28,1410.5388781918089,-0.10102832763083157,1409.0193172248312,1390.804547742699,8.129415145256974
Maize,Haryana,2026-01-29,1411.4313685264572,0.00600475789821631,1414.8790329476144,1425.718983216653,2.097100488070937
Maize,Haryana,2026-01-30,1394.5493216610848,0.016736544702253754,1400.0301375966203,1379.627569587039,3.65399930167791
Maize,Haryana,2026-01-31,1410.0812930514649,0.022942091987916743,1404.5848506658153,1414.0899309033139,7.779213227456694
Maize,Haryana,2026-02-01,1425.580390262092,0.03264923390048163,1420.8127798260173,1424.7633528848141,4.074146763156859
Maize,Haryana,2026-02-02,1399.0719134472765,-0.053825039732527724,1405.7581729147141,1397.8876785235173,4.6542303076439175
Maize,Haryana,2026-02-03,1395.8821582000276,0.003951684416384381,1397.245107832302,1407.3475944721313,7.200951345383986
Maize,Haryana,2026-02-04,1396.0993948229543,0.06783002296521581,1395.9299407123817,1411.6555222485642,6.818871946190377
Maize,Haryana,2026-02-05,1399.8770866330303,0.023456639810052016,1409.552667842483,1416.3663699365666,8.225459663710547
Maize,Haryana,2026-02-06,1408.9886078964412,0.019955409631674317,1416.3197120883458,1434.8677796418146,0.8077572896023426
Maize,Haryana,2026-02-07,1441.3759808804605,0.028783795191924894,1443.9332785864494,1441.2462420341787,2.237633398336408
Maize,Haryana,2026-02-08,1450.3128127769119,0.05596621094202247,1435.8982850960438,1469.5722287765127,4.23631605736904
Maize,Haryana,2026-02-09,1456.6799907545847,-0.015915035301337078,1457.1493466286665,1472.3956749910942,2.9080557487453613
Maize,Haryana,2026-02-10,1458.3757055529259,-0.05645075675467192,1464.7872527167515,1447.1746506542215,6.139098964757124
Maize,Haryana,2026-02-11,1461.1018052450013,0.019364260482931918,1465.8298676732136,1456.3897912348516,2.723696481148111
Maize,Haryana,2026-02-12,1435.9831967525633,0.049422768844183604,1425.3584199007869,1435.896107320599,6.580675168979614
Maize,Haryana,2026-02-13,1419.744149243318,-0.037729403991792504,1422.7440043175727,1427.6322072297428,4.25359156417677
Maize,Haryana,2026-02-14,1413.2682778211908,-0.0055243269015605966,1407.9347788080172,1418.0804495708003,3.2823718213240696
Maize,Haryana,2026-02-15,1432.6152134904669,0.035519636041403534,1431.8007133416197,1423.273252395183,5.32134876208843
Maize,Haryana,2026-02-16,1456.1948251324955,0.06738698720855267,1454.2980729699425,1462.5541629783345,4.325639782371663
Maize,Haryana,2026-02-17,1439.4798202087318,0.00407362256913998,1439.8662059854628,1443.0523207728504,3.6914506379015193
Maize,Haryana,2026-02-18,1442.988802180279,-0.04084239752177949,1446.1811343430074,1442.5673009783038,7.45544634434977
Maize,Haryana,2026-02-19,1469.5377465024385,-0.00551827493130551,1463.3964584166363,1460.7222483021271,4.394717028881585
Maize,Haryana,2026-02-20,1481.747228971657,0.03682962117127375,1476.2060642064,1474.6056901962443,4.700326761889378
Maize,Haryana,2026-02-21,1474.7014373284615,-0.010954574962690354,1477.3403318993169,1482.0680832530197,8.20756924381824
Maize,Haryana,2026-02-22,1463.7556835675755,-0.04560831855143058,1455.0091005083427,1473.9963735629908,4.282150983640868
Maize,Haryana,2026-02-23,1478.6661364542213,0.010635703987099843,1481.6202624791058,1476.8605667685301,2.9008310541025244
Maize,Haryana,2026-02-24,1478.1704495982847,-0.0023013690252825696,1474.196559285064,1481.5964952343268,7.706235800540491
Maize,Haryana,2026-02-25,1513.2873873060303,-0.009058393396139945,1517.4839329029803,1513.7610339596351,3.2152670224560103
Maize,Haryana,2026-02-26,1499.453301557505,0.04569414178716916,1502.514947694506,1495.988131260907,4.967900309391932
Maize,Haryana,2026-02-27,1509.0278505109345,0.006926491316128429,1503.3458364081214,1506.9989449655388,4.522122094409124
Maize,Haryana,2026-02-28,1485.7291612913675,0.03056659929812909,1483.7878324482579,1496.8161991377247,6.764718852617748
Maize,Haryana,2026-03-01,1479.0988809206349,0.006756633589679675,1482.6589413228642,1478.9722070883984,4.667454033607437
Maize,Haryana,2026-03-02,1459.0970566959454,0.02171831356394101,1462.1875411306683,1459.2875121257518,6.487541662332622
Maize,Haryana,2026-03-03,1470.068694230106,0.05008381353771873,1469.1644087617701,1456.5857414082368,4.270832293730912
Maize,Haryana,2026-03-04,1469.4595804074754,0.030999078989037327,1470.0913343476896,1473.982913697761,2.623943719188554
Maize,Haryana,2026-03-05,1463.2932178416017,-0.011755152011251975,1461.6937982713157,1456.7372173055728,4.6427012144086675
Maize,Haryana,2026-03-06,1474.2087450462545,0.014953479115954182,1458.7559161927898,1471.6332363918762,4.044362750865438
Maize,Haryana,2026-03-07,1453.169702097497,0.08501414142143648,1455.3757239473623,1451.2172083784747,4.421705393233822
Maize,Haryana,2026-03-08,1449.2603587145143,-0.03283265337587293,1451.3212966103097,1465.1817574949039,3.8530378969045125
Maize,Haryana,2026-03-09,1435.141958116961,0.03768720084549205,1439.3977095388111,1427.6057280515254,4.074004889645336
Maize,Haryana,2026-03-10,1441.7320137448357,0.03465046146533642,1438.7126110776874,1429.3140354699558,4.642730034629733
Maize,Haryana,2026-03-11,1439.9750693587678,0.05963213414994765,1441.0716180597578,1444.902565400023,5.381168927098718
Maize,Haryana,2026-03-12,1465.9405171245814,0.022612470974261,1452.7600342281212,1469.1630129242342,3.581481896565344
Maize,Haryana,2026-03-13,1463.2709692130056,0.022084812826979695,1465.5761805561647,1450.8594554068882,6.388901545960303
Maize,Haryana,2026-03-14,1450.6247898372665,0.04799782864278609,1448.980452883883,1446.860644762143,5.724071688926403
Maize,Haryana,2026-03-15,1439.2535453204002,0.00019222009080319417,1446.1733540891714,1433.1426629662471,4.110680345302534
Maize,Haryana,2026-03-16,1417.5941715951483,0.02335695748950426,1420.82657601034,1406.8345991082629,6.257475809075261
Maize,Haryana,2026-03-17,1417.5760560626625,-0.0031856680451611027,1418.2426072500768,1417.427190917939,4.890665440288022
Maize,Haryana,2026-03-18,1423.1679034026536,-0.032257048309569235,1424.5968681761174,1416.728935900757,4.321250413243313
Maize,Haryana,2026-03-19,1434.5709039717037,0.025449994743833755,1424.9171121332788,1437.2146844031402,8.72147648712521
Maize,Haryana,2026-03-20,1443.5896659651273,-0.01748948259606727,1453.5465308675189,1450.019778284288,4.9538741475846075
Maize,Haryana,2026-03-21,1440.7788996704737,-0.005837531885829264,1441.6581228787652,1428.6544363038527,4.035264836772348
Maize,Haryana,2026-03-22,1460.818984974082,-0.05876652453934772,1460.9461781595476,1474.8707123176316,6.129232696094564
Maize,Haryana,2026-03-23,1484.702303105435,0.004543674761298105,1480.2210122578776,1485.5163052386974,5.816378938786673
Maize,Haryana,2026-03-24,1456.8791234385012,0.04450644428513338,1455.7971171338797,1454.1337043004671,2.739409086434182
Maize,Haryana,2026-03-25,1457.207546364349,0.013047479427948296,1457.0873110562536,1456.7328533761586,7.783771734366091
Maize,Haryana,2026-03-26,1457.5857868236806,-0.05595775856964008,1459.4607115787094,1453.9995524530473,4.941570346719258
Maize,Haryana,2026-03-27,1458.7513376253082,0.006851242195642419,1454.4631502073296,1469.2727069270356,7.47613807589593
Maize,Haryana,2026-03-28,1464.768634201761,0.000788600269798686,1464.827686991735,1453.2059662809702,3.9746123110690403
Maize,Haryana,2026-03-29,1460.7874416054226,0.046075119947317514,1455.0060771881158,1448.261541975893,5.585479474064946
Maize,Haryana,2026-03-30,1452.4839207510656,-0.008897572530121486,1455.5890355393656,1461.2364152555906,3.645076016391516
Maize,Haryana,2026-03-31,1450.9273288602449,0.07507193317208735,1451.767797694841,1449.7562606594383,1.419037941487352
Maize,Haryana,2026-04-01,1444.8671850663598,-0.017266922991732627,1441.0468027326542,1423.9177112605469,4.809246333529549
Maize,Haryana,2026-04-02,1458.2533691567182,0.07334250515644135,1450.499105039951,1451.4512953391647,3.467802957131565
Maize,Haryana,2026-04-03,1447.5530294805396,-0.02793117654950149,1447.6021434621382,1444.5558370444296,7.466570528317732
Maize,Haryana,2026-04-04,1452.2648202341352,-0.061354937700063394,1451.1893899897827,1452.2950819749055,3.9723264819601756
Maize,Haryana,2026-04-05,1440.1411995920369,0.09039931109295929,1442.7072134355085,1457.503631022665,7.14242878229344
Maize,Haryana,2026-04-06,1438.4345594861604,-0.04132738064757211,1439.3618470071583,1445.4341790173557,3.254850969592141
Maize,Haryana,2026-04-07,1436.6551150626394,-0.011905285465262119,1428.1075462627236,1429.0888210015955,3.738193219215489
Maize,Haryana,2026-04-08,1435.1908754216558,-0.03930756492696322,1437.6170874614356,1418.0289087449237,5.130957052759852
Maize,Haryana,2026-04-09,1432.6125173392304,-0.052130431691360335,1438.4607618076998,1436.216011260248,5.636882499358409
Maize,Haryana,2026-04-10,1424.6799903612512,0.03251592494119346,1427.7800721211065,1415.7552569644165,7.4412547156081175
Maize,Haryana,2026-04-11,1436.9702504649053,-0.11668602751543518,1442.3388280440709,1423.0533270007254,8.292383622403701
Maize,Haryana,2026-04-12,1413.7488617183392,0.003737383052409874,1409.4152831651793,1413.6435053416296,5.29950526882146
Maize,Haryana,2026-04-13,1406.3053320006352,0.006240709645465281,1409.5202839766841,1411.2686042100654,4.874387112367375
Maize,Haryana,2026-04-14,1412.3619128849673,0.04817655919779373,1404.1244666619007,1414.2181634265398,6.973055312837727
Maize,Haryana,2026-04-15,1396.9009271121654,-0.06642725188126107,1399.571623602566,1398.8113783113859,4.175302098703888
Maize,Haryana,2026-04-16,1413.9204223358731,-0.04281010405559197,1410.3955541841071,1401.806190563038,5.04013394841362
Maize,Haryana,2026-04-17,1405.821016596107,-0.0633199801313047,1403.4850699316823,1406.8051478991158,6.25642225893659
Maize,Himachal Pradesh,2026-01-08,1433.9885125069309,-0.09330808010872256,1431.5437253608695,1420.4784344909765,5.407646982242401
Maize,Himachal Pradesh,2026-01-09,1436.618457399181,0.08668582665141764,1436.8802994213527,1433.4261362358297,2.756403445965494
Maize,Himachal Pradesh,2026-01-10,1438.3177550338498,-0.07258183293743119,1449.1087795268825,1439.3685909099618,3.7990083826305114
Maize,Himachal Pradesh,2026-01-11,1475.6008737408906,0.004510102895244617,1475.3329812272343,1461.7889176491658,4.835564532242758
Maize,Himachal Pradesh,2026-01-12,1437.5637547663025,-0.021545822087693876,1438.2665637819775,1450.7805695047127,8.578681135185008
Maize,Himachal Pradesh,2026-01-13,1436.9869201097151,0.04972722470991094,1436.5918419237967,1431.5326872677574,4.212943704646374
Maize,Himachal Pradesh,2026-01-14,1415.8322144930542,-0.02632817628970718,1417.742699012799,1428.2172932171813,3.1278785624964733
Maize,Himachal Pradesh,2026-01-15,1414.2370091764453,-0.0036412621604728595,1412.390502188726,1418.1148551105,6.326619536247447
Maize,Himachal Pradesh,2026-01-16,1405.7946651566838,-0.04405666152545147,1402.4913439250822,1400.0091997731793,7.418209099867024
Maize,Himachal Pradesh,2026-01-17,1389.0632841736635,0.026763969785079805,1389.9170948403635,1385.7556564233028,6.052041022520184
Maize,Himachal Pradesh,2026-01-18,1360.6522248585427,0.01559923637029384,1363.5678054518712,1341.1152196592304,7.817428952772605
Maize,Himachal Pradesh,2026-01-19,1365.9784407367797,-0.0336273706034586,1359.533542707872,1368.632661305382,9.81492482497103
Maize,Himachal Pradesh,2026-01-20,1352.9165794431185,0.05426761578628339,1355.1990340558095,1348.5369098033348,3.5896108011252243
Maize,Himachal Pradesh,2026-01-21,1346.5400889765906,0.06934863105974604,1341.8847454481017,1323.3865112612186,1.8731126397562017
Maize,Himachal Pradesh,2026-01-22,1350.4634589049008,0.09878398319465817,1349.9174921598542,1360.9230552855583,5.358031014920671
Maize,Himachal Pradesh,2026-01-23,1363.7359783301094,0.018663925487696686,1358.304979864364,1382.3305105788547,2.7559958097976427
Maize,Himachal Pradesh,2026-01-24,1360.139467112616,0.04112044086197457,1362.7499498983693,1342.5689320471583,4.36212865994934
Maize,Himachal Pradesh,2026-01-25,1334.8686170077217,0.03677074474909368,1334.8334447455622,1340.224938968444,9.861975145402635
Maize,Himachal Pradesh,2026-01-26,1325.8738311425934,0.050881330446560714,1331.9586272950119,1321.057945831702,2.611359344494117
Maize,Himachal Pradesh,2026-01-27,1323.0658302511897,-0.01128396268438281,1319.320517555958,1330.1741699284964,5.1329791638733075
Maize,Himachal Pradesh,2026-01-28,1320.248930080982,0.04052948546590316,1328.571962661031,1306.7306075312238,3.117332745329363
Maize,Himachal Pradesh,2026-01-29,1333.4098926848023,-0.009651345912508396,1328.9445731679787,1332.8753471139773,6.258420840638029
Maize,Himachal Pradesh,2026-01-30,1355.3044830623996,-0.04286485543928518,1354.1981309467412,1366.8804487038121,4.316939906618649
Maize,Himachal Pradesh,2026-01-31,1342.8750069472883,0.021330432722497072,1340.7007774919323,1348.0526717025944,3.2694097038239667
Maize,Himachal Pradesh,2026-02-01,1320.2181172462497,0.02564075538237426,1329.203598181945,1305.6344288834794,1.54937707733046
Maize,Himachal Pradesh,2026-02-02,1309.8003805155665,0.06007656423405611,1314.908599368546,1291.7343623965492,3.133908717735573
Maize,Himachal Pradesh,2026-02-03,1275.8771926525096,0.02469809267729242,1273.4684882790823,1268.313740785363,7.234707798305892
Maize,Himachal Pradesh,2026-02-04,1274.7627143505204,0.03996998711177454,1278.2751043982778,1284.5019401358497,5.313709924886893
Maize,Himachal Pradesh,2026-02-05,1271.4250445685923,0.04713390427091592,1262.8897076921598,1278.7353347471894,6.412784373428782
Maize,Himachal Pradesh,2026-02-06,1289.9463301213202,0.03967271785989959,1283.9802979747926,1285.5863881545176,3.045843839125972
Maize,Himachal Pradesh,2026-02-07,1287.5344068292156,0.08296183302862303,1280.14835568461,1281.6026026013872,4.860225603160943
Maize,Himachal Pradesh,2026-02-08,1305.6283659283692,0.024239394547391435,1304.9870701352404,1308.087610027846,7.186147997739365
Maize,Himachal Pradesh,2026-02-09,1306.4653897161838,-0.003028492275840379,1304.6846942503043,1297.6981086766143,2.249675480867232
Maize,Himachal Pradesh,2026-02-10,1305.149601838983,0.05564607291840387,1299.7642516013077,1302.0760629017207,3.460605186334618
Maize,Himachal Pradesh,2026-02-11,1311.1699002227758,-0.06166496380335588,1309.5089337218942,1300.7014883932168,6.68881892546883
Maize,Himachal Pradesh,2026-02-12,1294.7089616556243,-0.04181014092796627,1299.3671267522202,1287.4257510082464,5.629402848811791
Maize,Himachal Pradesh,2026-02-13,1304.8183930770138,0.06653528209499916,1301.7827154519273,1286.7863176251576,5.937350107674452
Maize,Himachal Pradesh,2026-02-14,1302.5452265398378,0.013163146310300827,1295.0115251444352,1310.483211593,5.795764321204698
Maize,Himachal Pradesh,2026-02-15,1314.3318593213305,-0.05060290093832353,1321.0471871770133,1318.7944327643686,4.273892977796934
Maize,Himachal Pradesh,2026-02-16,1294.8509474362932,0.0006265827543458191,1294.0755586721568,1289.4169625955246,5.883435313780683
Maize,Himachal Pradesh,2026-02-17,1305.7603578334456,-0.005691462537460875,1296.533399720711,1295.4933840499923,5.624782090627244
Maize,Himachal Pradesh,2026-02-18,1281.9975743330572,0.04680321050205105,1278.4418447253322,1274.624286104826,6.864540651795654
Maize,Himachal Pradesh,2026-02-19,1294.583327016556,0.11112526935923245,1296.509920495624,1307.8267256458535,1.4070944940147752
Maize,Himachal Pradesh,2026-02-20,1311.944347691611,0.01859265128218143,1317.6542229936042,1331.678297635523,5.612046705953535
Maize,Himachal Pradesh,2026-02-21,1336.5347757386469,0.003793782353416354,1336.0201721952471,1337.1892606427582,5.580671601334813
Maize,Himachal Pradesh,2026-02-22,1322.4034347553163,0.0042204200305888005,1322.1555998946444,1329.0811503969896,7.521773835598546
Maize,Himachal Pradesh,2026-02-23,1317.7757124580116,0.0005602689426777753,1326.9277069181749,1320.9539857717052,5.787287437147272
Maize,Himachal Pradesh,2026-02-24,1332.8569976958627,-0.021599128930206782,1334.2582311556562,1324.0404199733944,3.6426025753915066
Maize,Himachal Pradesh,2026-02-25,1336.570022362723,0.04945941048689677,1339.8304424466635,1351.3395594877816,6.763123719007941
Maize,Himachal Pradesh,2026-02-26,1340.492633500903,-0.05259627744010575,1338.512952831657,1335.1103173534007,5.4591297797863
Maize,Himachal Pradesh,2026-02-27,1345.722259087625,-0.0003429869155556517,1347.693389844155,1338.5416443271197,4.247120498688739
Maize,Himachal Pradesh,2026-02-28,1354.4659925634448,0.05231136315683768,1349.3087303966506,1358.235969296208,3.6342657639031017
Maize,Himachal Pradesh,2026-03-01,1333.824062908282,0.017666985397998308,1334.8212321245078,1339.7927022381764,9.604160304658949
Maize,Himachal Pradesh,2026-03-02,1340.2582317396518,0.00701559989909616,1343.9190484654252,1335.2556635806163,4.249664228006832
Maize,Himachal Pradesh,2026-03-03,1341.8719280674907,-0.056840822082612485,1337.487953320097,1339.2008437899744,4.435141374022237
Maize,Himachal Pradesh,2026-03-04,1329.1764407143332,-0.06256444832267988,1319.915466919205,1325.6663624737973,3.316036669228036
Maize,Himachal Pradesh,2026-03-05,1310.985834389571,0.005608520125730367,1305.1023531250316,1322.4472619165078,2.9912403013350803
Maize,Himachal Pradesh,2026-03-06,1310.377419527601,0.03538790739357175,1309.363151095773,1316.1462673312735,4.849744841054216
Maize,Himachal Pradesh,2026-03-07,1267.4537583583049,0.08848014482185125,1266.010345327399,1276.6888875307234,4.1283172237913925
Maize,Himachal Pradesh,2026-03-08,1245.0991257046483,-0.07077335615840862,1246.4813340965704,1236.091461150828,5.91361857868077
Maize,Himachal Pradesh,2026-03-09,1258.9981009536684,-0.05342550341159206,1260.2292237062886,1262.481809407656,2.9425411334599776
Maize,Himachal Pradesh,2026-03-10,1239.6128491568797,-0.10063800052810719,1234.4126854205335,1231.921881792932,4.612432956977437
Maize,Himachal Pradesh,2026-03-11,1248.0972293886898,-0.07661637901282192,1249.1062756389013,1246.8527381158824,5.749261597439482
Maize,Himachal Pradesh,2026-03-12,1270.0417689207236,-0.027152935002645175,1271.9924240910475,1266.473087773688,4.0598931664328015
Maize,Himachal Pradesh,2026-03-13,1321.7871210383007,-0.026598188937527297,1319.2475820230766,1309.322830945175,3.1165074655845957
Maize,Himachal Pradesh,2026-03-14,1337.6856014662656,0.06495578101372662,1338.8323610460436,1355.6822778908252,4.10503103741665
Maize,Himachal Pradesh,2026-03-15,1346.754038908491,-0.03852523021224972,1351.129938369745,1356.634070424527,9.816133106726962
Maize,Himachal Pradesh,2026-03-16,1327.7371022586635,-0.0811239541617122,1332.6271914103413,1333.7647040573984,3.3822223032374854
Maize,Himachal Pradesh,2026-03-17,1320.6239666952854,-0.04127831903216712,1325.2530709591394,1314.9950941373688,6.71369469283871
Maize,Himachal Pradesh,2026-03-18,1311.7291591456237,-0.044510328800213037,1319.1219743377437,1311.204066902573,5.272359031688457
Maize,Himachal Pradesh,2026-03-19,1328.8551782592735,-0.04149422350013153,1326.3046073604792,1334.5369551341037,9.134472227034962
Maize,Himachal Pradesh,2026-03-20,1337.795991142254,0.041998409249657274,1331.3174603103153,1331.46952668404,6.192429635802556
Maize,Himachal Pradesh,2026-03-21,1342.559944579253,0.028921423763970385,1337.5067637191812,1340.2582028060142,8.551025806259368
Maize,Himachal Pradesh,2026-03-22,1336.7789235070024,-0.040913888033106756,1333.5727527279587,1338.3118674866607,2.034987024357824
Maize,Himachal Pradesh,2026-03-23,1342.763182921909,0.07162266862553955,1340.0200162485507,1340.8699515559017,4.362897521172804
Maize,Himachal Pradesh,2026-03-24,1349.5598256165993,0.02476199121606907,1352.4827334386373,1331.4711988059007,4.1275575094913926
Maize,Himachal Pradesh,2026-03-25,1372.1060393323341,0.04397648949702945,1370.8521415971375,1374.6887174261697,5.14118656206462
Maize,Himachal Pradesh,2026-03-26,1410.0007929198478,0.07513866295424532,1408.9371784042767,1423.6886130043247,7.460848881144898
Maize,Himachal Pradesh,2026-03-27,1383.236908300311,0.03536775064063643,1378.53925602483,1381.7233037278604,6.205804965941953
Maize,Himachal Pradesh,2026-03-28,1392.906298995811,-0.055296856113968854,1391.0097284869184,1383.1702898503047,2.7654756517529204
Maize,Himachal Pradesh,2026-03-29,1402.3186045635098,0.051409890316349044,1392.4733805188378,1382.3587394490962,6.778089775455132
Maize,Himachal Pradesh,2026-03-30,1399.9364615755305,-0.03545494952424258,1399.4650176511338,1395.9308991854252,2.0407120662276026
Maize,Himachal Pradesh,2026-03-31,1400.6315453337982,0.00340886952373947,1398.0987459335909,1390.4289023087317,0.7084740818129776
Maize,Himachal Pradesh,2026-04-01,1409.1370267033876,0.03351820279710196,1398.7363816154423,1415.5096145749987,3.4391416005207187
Maize,Himachal Pradesh,2026-04-02,1410.4408075260271,-0.044859717762350246,1406.2090320768518,1419.9833813498342,5.01657924168217
Maize,Himachal Pradesh,2026-04-03,1399.6057345572654,-0.0679109804725626,1396.832499469698,1394.0464007326011,2.6247697024816157
Maize,Himachal Pradesh,2026-04-04,1392.7567009814832,0.0524130827106371,1396.6011390652448,1395.4961010626237,1.4016712422234892
Maize,Himachal Pradesh,2026-04-05,1378.0174423456263,-0.06601366043253737,1381.2291970616084,1362.5913076806103,5.270688715562799
Maize,Himachal Pradesh,2026-04-06,1387.4874063887346,0.03500977439043817,1381.3729635835425,1395.5061892693716,3.667118971396251
Maize,Himachal Pradesh,2026-04-07,1409.6203258595879,0.0008021826134162997,1403.7616984207223,1418.4645382929887,4.694596611176116
Maize,Himachal Pradesh,2026-04-08,1410.3583141828829,0.0019378808424010592,1408.29020797307,1401.7683980820334,3.6782931712021716
Maize,Himachal Pradesh,2026-04-09,1422.5678713222064,0.02587546206766112,1420.4587890267521,1414.8483273060808,4.247986540335941
Maize,Himachal Pradesh,2026-04-10,1411.8534199457577,-0.0015807807981890268,1414.0881677160135,1412.201331546428,7.786645578404219
Maize,Himachal Pradesh,2026-04-11,1414.5884273594488,0.016980875313735926,1414.4460333918407,1421.629962967048,1.1763141610085035
Maize,Himachal Pradesh,2026-04-12,1400.6023952146406,-0.12430653097022132,1394.8306880648115,1403.8674442503395,4.357322146171368
Maize,Himachal Pradesh,2026-04-13,1398.4339638425752,0.020051313413766772,1397.8829281834246,1392.4076179447675,1.6246326072332646
Maize,Himachal Pradesh,2026-04-14,1420.6665152132766,0.010423227841218397,1414.6632788936909,1430.1098925137233,0.8833592712160687
Maize,Himachal Pradesh,2026-04-15,1425.4824970642544,-0.08468430207096855,1426.1290940232552,1437.4420426583629,0.5959348645629952
Maize,Himachal Pradesh,2026-04-16,1374.2666700142559,-0.07386366050036924,1367.0011551593645,1377.2276092352747,4.500075582255763
Maize,Himachal Pradesh,2026-04-17,1383.3758546796912,-0.038887450879273505,1381.7114561378905,1372.9212528804248,2.119568600119026
Corn,Punjab,2026-01-08,1500.0282993163692,0.021476544965496894,1494.942897664244,1502.5619980006127,6.610852367657097
Corn,Punjab,2026-01-09,1493.2723128730513,0.03396347185466799,1485.33053837512,1486.2038355086265,4.838176912533128
Corn,Punjab,2026-01-10,1459.4728740032722,-0.12576933284817624,1446.8306912985117,1450.133634444833,6.27795393825483
Corn,Punjab,2026-01-11,1490.9560720964107,0.03719120027652565,1497.351063692148,1482.6006776010058,6.740701094112831
Corn,Punjab,2026-01-12,1489.0867666047886,6.44440243737364e-05,1493.4177997321535,1497.2314681818082,2.6184984502496333
Corn,Punjab,2026-01-13,1492.648937604417,0.08980028755737993,1492.7205432743858,1481.3313348767529,4.4690354556445975
Corn,Punjab,2026-01-14,1486.337802726673,-0.0051384432529273045,1487.085153134349,1469.9111465220078,4.82641376638828
Corn,Punjab,2026-01-15,1475.8736989808335,-0.07126077131685003,1472.2267484785016,1472.8422150144072,5.938864142876622
Corn,Punjab,2026-01-16,1463.8209417791334,0.008319104567317175,1463.9280345463537,1467.1968545429233,5.202993643529029
Corn,Punjab,2026-01-17,1448.4950214275702,-0.033732319127165226,1461.9093273139429,1455.662952456064,3.9787698135875527
Corn,Punjab,2026-01-18,1425.3298130931917,-0.0221530540148588,1421.3161190839762,1423.6167645522385,4.207181883499859
Corn,Punjab,2026-01-19,1433.8727195562522,-0.05485225748110439,1431.9106352100387,1436.735666102199,5.068920418908681
Corn,Punjab,2026-01-20,1432.9506365101672,0.05919453029084507,1429.013365979057,1428.6161654846792,0.6679097031322891
Corn,Punjab,2026-01-21,1463.6303341049418,0.02548307568978539,1470.3202863952322,1467.829237399351,3.0337136000654232
Corn,Punjab,2026-01-22,1482.6543905067927,0.09246146122054513,1488.9251497267578,1482.1813042550075,6.614392175392904
Corn,Punjab,2026-01-23,1478.216377019106,-0.017505714861117468,1472.4674138958358,1478.6020239485435,0.6980088800455668
Corn,Punjab,2026-01-24,1453.9869453757103,-0.04427733910150986,1455.668493488167,1454.5672257811405,3.232896968091538
Corn,Punjab,2026-01-25,1460.114054524934,0.04924914783812854,1458.8270852196513,1466.7592992606,6.236492503102887
Corn,Punjab,2026-01-26,1447.8465014915093,-0.016177624718817087,1456.4100296975055,1449.1682873132054,4.232699387643801
Corn,Punjab,2026-01-27,1431.4874138046569,-0.03256301032913016,1437.2082240812458,1415.4697945026667,1.9266843516437495
Corn,Punjab,2026-01-28,1442.296285417422,0.04572076995369676,1451.9246445176952,1437.2972136368815,6.571721908273377
Corn,Punjab,2026-01-29,1428.5158484666351,-0.0036966021698808522,1430.7319325364276,1409.884009927087,4.950993911586991
Corn,Punjab,2026-01-30,1426.3645442221712,-0.010176265930302639,1420.14834087033,1441.942575515924,6.1309143845317315
Corn,Punjab,2026-01-31,1436.2775680662392,-0.013135468618032923,1438.2844979415204,1441.517307447391,3.133741305086518
Corn,Punjab,2026-02-01,1444.4871876065263,0.10145828614085446,1443.1149824709578,1435.9402379719306,4.245985294165191
Corn,Punjab,2026-02-02,1438.55708092606,0.024084769890684386,1438.0435257421966,1426.1411321425887,4.2265096594495075
Corn,Punjab,2026-02-03,1409.4291071977439,0.02761742339140441,1409.1959736833053,1414.1628825747357,2.3160160236113905
Corn,Punjab,2026-02-04,1412.405112672597,-0.05045173508088702,1411.3743711712739,1415.4129142553065,3.8214726584221124
Corn,Punjab,2026-02-05,1410.210731798222,-0.11035985423633797,1406.4362688440206,1416.8855496666627,3.212028580575683
Corn,Punjab,2026-02-06,1423.4543147071108,-0.005806002875473634,1422.9115865919744,1426.6803890880524,5.310320801233125
Corn,Punjab,2026-02-07,1413.2682185698693,-0.024939277188062534,1408.4789774891192,1407.6331157686936,3.6278380268149277
Corn,Punjab,2026-02-08,1401.723771475108,-0.01915152250700427,1407.4565477142314,1395.933335944701,5.262943336785516
Corn,Punjab,2026-02-09,1430.593943296093,-0.02108243634327599,1425.4620835124833,1426.9783952043094,5.55656280516304
Corn,Punjab,2026-02-10,1428.7872936046658,-0.01770962644829514,1428.0981747160583,1425.7445252530663,5.575086580488711
Corn,Punjab,2026-02-11,1431.531976497514,-0.0658884245466708,1433.2192716092723,1443.898648526587,4.928112181942685
Corn,Punjab,2026-02-12,1436.5342944941633,-0.01937100357181067,1443.5982936000496,1447.3269483007575,2.686839231997003
Corn,Punjab,2026-02-13,1437.0018587981585,-0.062005168983700266,1439.3476594556287,1448.5242891922944,5.796533107039728
Corn,Punjab,2026-02-14,1452.48894859283,0.13629551411752877,1465.1948032497244,1448.8194594088386,10.205941206791966
Corn,Punjab,2026-02-15,1441.4326543025306,-0.039753772634337436,1444.920398693149,1447.3258912185254,4.399600103856346
Corn,Punjab,2026-02-16,1449.6459045986094,-0.008847071239435329,1450.9591656737553,1451.39814283977,2.2546774253757293
Corn,Punjab,2026-02-17,1435.2542302854533,0.09058613386542817,1431.7705217428766,1442.7916788069585,3.8835468826767006
Corn,Punjab,2026-02-18,1441.568615721044,-0.00580627569645558,1449.5119672010478,1451.8353480136548,7.6967018619000775
Corn,Punjab,2026-02-19,1462.1970252804447,0.006720474414448291,1464.3674025059809,1472.5664021829346,2.544425257484699
Corn,Punjab,2026-02-20,1470.0996718701329,0.0076992276271945735,1473.3742413565496,1452.6949986527325,1.1104096482128827
Corn,Punjab,2026-02-21,1483.3322278162134,0.08749953269862151,1484.9932847917341,1476.8757206277587,3.367987434281158
Corn,Punjab,2026-02-22,1494.897410324229,0.008806686224417173,1494.0030457103041,1498.0445617402224,3.2779700273114685
Corn,Punjab,2026-02-23,1498.8413434979175,-0.10509556906066256,1498.8646578620628,1490.4735013504915,5.075085457951079
Corn,Punjab,2026-02-24,1490.9988445745655,-0.06624762868308869,1481.6716149400042,1483.3607908801046,6.7118642895091645
Corn,Punjab,2026-02-25,1503.9555671210026,-0.008630136123643687,1504.0231131615985,1503.8918671089561,5.5537688598894315
Corn,Punjab,2026-02-26,1510.1016924884816,0.09432046837899394,1512.5752142618157,1512.02230677848,4.571456143629772
Corn,Punjab,2026-02-27,1501.2311966563884,-0.012708340012358777,1501.5362201082492,1518.6949774817506,2.9352656635729986
Corn,Punjab,2026-02-28,1501.237206840624,0.028227522381322215,1503.377204999384,1500.2822521897383,4.2096776015306645
Corn,Punjab,2026-03-01,1527.8977109291468,-0.011224037414808518,1530.2399701273314,1541.533914026787,6.736272081109002
Corn,Punjab,2026-03-02,1514.7858709256823,-0.061557579664657525,1510.1014575192405,1514.6662434258644,0.5632512166674299
Corn,Punjab,2026-03-03,1501.4231710040817,0.03496474372126905,1501.7076324281907,1495.56270597933,7.996681497371913
Corn,Punjab,2026-03-04,1503.577462242719,-0.015105087753369035,1501.8770325591697,1492.829131572897,2.3614284045685094
Corn,Punjab,2026-03-05,1495.9997172768456,0.019489857811953955,1503.0384612022635,1482.2384363371052,6.026940740553389
Corn,Punjab,2026-03-06,1487.8603254170791,-0.05793534912683945,1490.495380046653,1490.1892890729912,5.713814410668529
Corn,Punjab,2026-03-07,1463.7683606916007,-0.04885876905397926,1472.0397325476795,1445.7281140060688,5.5023763111819886
Corn,Punjab,2026-03-08,1482.9678990262778,-0.04181269148488401,1477.689729201034,1475.1642605869977,6.1625833529919465
Corn,Punjab,2026-03-09,1511.6873123751134,-0.0003954995900608502,1514.422288353261,1518.887973115106,7.595454151167125
Corn,Punjab,2026-03-10,1491.4132399814196,-0.010655707862566479,1490.168731966071,1498.2673225946426,7.515037465306461
Corn,Punjab,2026-03-11,1494.2713323094863,0.01060261051717807,1495.6398364413615,1507.35487562853,6.671407478724047
Corn,Punjab,2026-03-12,1504.3646353570766,0.026481995805057213,1505.1830233604112,1518.8819954269522,7.119945936361098
Corn,Punjab,2026-03-13,1504.5711245479608,0.08745521660831496,1512.4063384515937,1506.2359928929993,2.35925498593212
Corn,Punjab,2026-03-14,1506.210819907624,0.05167738460491881,1503.7985853736113,1511.6570391639475,0.23929260026793475
Corn,Punjab,2026-03-15,1488.5228203839356,-0.02308207598077017,1492.4554156701795,1489.5869636085683,4.97778330550525
Corn,Punjab,2026-03-16,1503.5317028128893,-0.038935063486522904,1500.8745137753615,1506.5796611301018,7.747875201019862
Corn,Punjab,2026-03-17,1493.2598936692027,0.03932821248836266,1485.553916685188,1480.826621451348,6.886960328417162
Corn,Punjab,2026-03-18,1483.0034201906567,-0.044554476408846445,1485.0113160252504,1489.6561949015659,2.182266849746453
Corn,Punjab,2026-03-19,1464.0787105983557,-0.003896922904009665,1469.0973753399942,1458.1931015045943,8.36753950169846
Corn,Punjab,2026-03-20,1464.0250916194911,0.05664918577276598,1467.0697533874045,1463.2446662351542,6.811291992807537
Corn,Punjab,2026-03-21,1445.396122823551,-0.06675401698818485,1452.4803890319643,1424.8069910955421,3.296461012694114
Corn,Punjab,2026-03-22,1451.8847234213886,-0.04598861735908149,1448.0181924734625,1441.492158868114,3.629254742143155
Corn,Punjab,2026-03-23,1442.8776515138545,-0.043118994527510286,1436.7425868325759,1452.6832105029848,7.299338960257973
Corn,Punjab,2026-03-24,1448.5628301259467,-0.03105025675776521,1445.675221839688,1444.5587369868335,5.079074766751127
Corn,Punjab,2026-03-25,1446.2554734738414,0.042595878828223986,1446.3469318486468,1434.8091285267615,5.7712028355719704
Corn,Punjab,2026-03-26,1469.0550999600935,-0.10308429936729235,1461.67710311129,1453.5833864945994,6.359309578545188
Corn,Punjab,2026-03-27,1462.1846762021892,-0.035515485081819634,1474.2771761466827,1456.8531690938646,4.860317694568249
Corn,Punjab,2026-03-28,1474.7249935579919,-0.06666627559756758,1477.3585961889419,1475.9761512270788,6.621396540344108
Corn,Punjab,2026-03-29,1467.5904190207361,-0.03799566168641574,1475.2253370686017,1467.651392901434,3.625077064952354
Corn,Punjab,2026-03-30,1451.9964428726435,0.053104764712305165,1447.900371503976,1435.5998426952242,3.237598135110304
Corn,Punjab,2026-03-31,1453.3972138303839,0.07694670169641346,1461.2007271647976,1450.8048550987985,5.6223853831995685
Corn,Punjab,2026-04-01,1476.891133933097,-0.08703376210752815,1474.6057166489843,1465.9583813461875,3.0216071847113977
Corn,Punjab,2026-04-02,1466.3805167831638,0.033901892788497846,1471.3096584247176,1466.455726898548,6.422707694863258
Corn,Punjab,2026-04-03,1464.6365731341816,-0.0463563849292623,1473.4339520944056,1467.3692808091932,1.6213633856646066
Corn,Punjab,2026-04-04,1452.832234760994,-0.0054650685420609135,1452.2278334575888,1449.4297200263957,2.364711549300316
Corn,Punjab,2026-04-05,1426.9966795572936,-0.006531234374118271,1419.6813929089442,1406.3632932087792,6.04876981649303
Corn,Punjab,2026-04-06,1421.2659918515776,0.0038737322186864448,1418.3827698084415,1435.6801939239065,6.171517149339524
Corn,Punjab,2026-04-07,1411.1692622928617,-0.028134377274428576,1409.9491944570152,1406.5618656434256,3.62375364756352
Corn,Punjab,2026-04-08,1400.3458485448657,-0.07621204778186418,1395.5509253688497,1409.1307290410846,4.980303708087833
Corn,Punjab,2026-04-09,1400.1962795039642,-0.05205132338468404,1400.7147444922389,1385.5772280247363,8.867786063224012
Corn,Punjab,2026-04-10,1405.0581066891393,0.07858250435399133,1405.8753392623307,1393.1548314928482,4.5860524559659765
Corn,Punjab,2026-04-11,1395.678070324607,0.011756350544815337,1398.6380890008854,1396.237837186185,6.709349696868064
Corn,Punjab,2026-04-12,1401.1163766514856,-0.07554849500372325,1399.5711547465373,1386.388391744676,4.093390301669313
Corn,Punjab,2026-04-13,1377.204277119239,-0.04918077396036699,1382.7776241233407,1385.8553764654646,5.004890614812713
Corn,Punjab,2026-04-14,1393.038474237474,0.08128990974521072,1398.5746347746629,1392.3358739574192,1.5169686648378797
Corn,Punjab,2026-04-15,1350.8426810564051,0.08239210834154409,1358.8235935769642,1367.5148730856554,10.320908978010497
Corn,Punjab,2026-04-16,1393.619846734764,-0.0723952073595822,1394.8893672903068,1396.3657227224433,4.877893470032939
Corn,Punjab,2026-04-17,1378.871952231954,0.034394592817796374,1382.594973390853,1377.6590391820841,5.434811879142255
Corn,Haryana,2026-01-08,1379.5668782993066,-0.07289117873824115,1384.3692365843579,1399.7484793447884,3.3992116044508895
Corn,Haryana,2026-01-09,1371.6964016721283,0.011743141999692402,1369.1950663835553,1376.2706377300299,6.426198723909458
Corn,Haryana,2026-01-10,1380.40818303254,-0.02132318045656803,1380.4905919305327,1369.3357234691825,6.697233730172929
Corn,Haryana,2026-01-11,1355.2651062429793,-0.10943333208019151,1355.8685281305684,1346.1530248621543,4.570525992267342
Corn,Haryana,2026-01-12,1376.7851129050389,-0.025532549290495133,1376.2510622490236,1373.832398620948,9.204778275023916
Corn,Haryana,2026-01-13,1377.253732561176,0.07867597605070055,1373.711224617508,1376.9209201183971,6.713114030871273
Corn,Haryana,2026-01-14,1379.0829391724046,-0.02618022335280521,1379.9517444500768,1394.3261655062215,0.3979825420715759
Corn,Haryana,2026-01-15,1370.7858867774382,-0.015605309554276279,1373.8296128745794,1360.465010329415,1.7995976507519775
Corn,Haryana,2026-01-16,1388.5223532340726,0.007093329747325886,1387.2018454159122,1365.344796623962,4.841866567015301
Corn,Haryana,2026-01-17,1377.4820497814494,-0.039933020871535815,1381.1697822928795,1373.8930525060778,7.011072592821827
Corn,Haryana,2026-01-18,1400.6710541125267,0.03578970274912513,1399.7723841902136,1415.199557867108,6.567435757423988
Corn,Haryana,2026-01-19,1396.5081392074503,0.05638068931218307,1401.3497412851518,1398.0529298401384,7.973819157117605
Corn,Haryana,2026-01-20,1397.760271933984,0.03613509725132671,1407.605014674021,1407.9764634781804,0.846559898858513
Corn,Haryana,2026-01-21,1401.3897296809102,0.0038875297145070918,1404.4066212558703,1420.3069877708326,6.262527648706491
Corn,Haryana,2026-01-22,1413.193742728656,-0.0703417948291777,1411.08575002675,1416.5995533450164,4.398170154607357
Corn,Haryana,2026-01-23,1413.0527851629777,-0.05153438340603364,1416.9829607491317,1426.031388789737,6.7059552333792976
Corn,Haryana,2026-01-24,1416.8034606430142,-0.05688666034579473,1412.3114439847132,1419.5197331076354,3.5834705060746224
Corn,Haryana,2026-01-25,1434.3100122073276,0.05273773042875013,1437.7541618018613,1442.1448199303977,5.124016254691161
Corn,Haryana,2026-01-26,1441.3314209872142,-0.008071343441771057,1442.064820855194,1449.0387459516,5.180065017080634
Corn,Haryana,2026-01-27,1466.1970992334948,-0.006164845890473329,1466.1237218351882,1469.1335617219268,0.8391782131626773
Corn,Haryana,2026-01-28,1461.277819068409,0.0633493724711209,1463.0370060155385,1469.8627437212385,5.980065447331819
Corn,Haryana,2026-01-29,1450.9831107048594,0.027568300511473305,1451.4941033810396,1461.0367534237819,5.460464707513897
Corn,Haryana,2026-01-30,1475.0135952694118,-0.024720140013334838,1468.2743431835538,1461.3448446260747,0.06093637536949892
Corn,Haryana,2026-01-31,1464.6413819176412,-0.05477062587686193,1473.8016731029459,1453.3952612816418,3.5788314990895396
Corn,Haryana,2026-02-01,1455.8331245659683,0.009130717497702839,1449.7353644179864,1456.341536436817,5.970398383607993
Corn,Haryana,2026-02-02,1441.1254861520463,-0.016358586975045972,1450.1868817878742,1447.3185647635073,4.34382116785092
Corn,Haryana,2026-02-03,1437.7791356399866,-0.06250581322577489,1436.5227291942736,1454.7041329153324,4.1246022507483335
Corn,Haryana,2026-02-04,1432.9555717435012,-0.057886682811974594,1436.1281516599252,1439.0394301733654,6.72295630412026
Corn,Haryana,2026-02-05,1420.263425922215,-0.021794072667638952,1425.4445109956573,1398.7267979272447,3.8372364901816542
Corn,Haryana,2026-02-06,1423.4488597137406,-0.008133492228505132,1425.901817582252,1419.793405965151,4.182981080941177
Corn,Haryana,2026-02-07,1456.2834860182916,0.012108297519496417,1451.5734648326254,1440.4913448780967,4.170639478791703
Corn,Haryana,2026-02-08,1442.6762466547443,-0.011834504194508752,1446.5600359199836,1437.2042430461072,4.7595926772258474
Corn,Haryana,2026-02-09,1461.1258773192314,-0.023716499227696197,1455.5960879072957,1451.6596827067415,4.005734613988185
Corn,Haryana,2026-02-10,1460.149771792159,-0.01695684184284558,1451.2322862549815,1466.550884484564,5.061557003455246
Corn,Haryana,2026-02-11,1454.7054921724334,0.001714960332056991,1453.5367222716109,1453.6707383638327,6.319131820841346
Corn,Haryana,2026-02-12,1420.5360759119562,0.012312124896480937,1418.244148827637,1422.8303675540176,4.113654222036109
Corn,Haryana,2026-02-13,1429.250734621701,-0.08401421068285318,1421.1932975886962,1428.2512088837696,6.133679225264801
Corn,Haryana,2026-02-14,1432.7429877858572,0.074627522998414,1439.3691495328203,1448.1125223271767,3.938418602217558
Corn,Haryana,2026-02-15,1450.565022529699,-0.007009320668017641,1454.764938056385,1458.9231694514688,7.557888625757782
Corn,Haryana,2026-02-16,1473.980834526622,-0.03420327679524074,1476.3172087194548,1465.5891688824995,5.760775737379326
Corn,Haryana,2026-02-17,1446.84389789287,-0.01896321884425331,1459.3330018098636,1451.3885821143879,8.82732894208348
Corn,Haryana,2026-02-18,1438.0700129621907,0.01695765512163659,1432.6276677510664,1419.9203118074854,7.454415959230773
Corn,Haryana,2026-02-19,1428.022585580062,0.05138310895793357,1426.6610254715179,1416.3591949205,2.6529672187043962
Corn,Haryana,2026-02-20,1424.3644743580278,0.04688201200420642,1428.0327112043651,1410.711016572195,5.989378954988453
Corn,Haryana,2026-02-21,1392.0831809087224,0.09959555680383508,1393.62284703901,1411.2388658789682,1.6157076518723414
Corn,Haryana,2026-02-22,1412.6720916920747,-0.02229567228588842,1415.2294833038966,1411.3454247463362,6.948669212286205
Corn,Haryana,2026-02-23,1398.4219628033202,0.027690452341552447,1396.8857391533786,1406.6499020935034,6.612650733887011
Corn,Haryana,2026-02-24,1400.2043631507283,0.07172082333566085,1406.9209663925062,1393.873079467232,5.662191815362609
Corn,Haryana,2026-02-25,1426.390311553337,-0.016989625817687797,1417.386546785124,1425.3465804230755,5.058949710367674
Corn,Haryana,2026-02-26,1429.7720823621048,0.01046652350053137,1428.2915601901027,1442.9059050866667,6.321951311300554
Corn,Haryana,2026-02-27,1425.600191161929,-0.03395483851018653,1424.6217111715955,1441.7031958031457,3.1486034534426857
Corn,Haryana,2026-02-28,1423.53021260276,0.06296114160000092,1422.7285920438917,1425.1679875313393,4.198879458376358
Corn,Haryana,2026-03-01,1427.7469307855386,0.003906811630914696,1426.520164431286,1442.584898954183,3.401230502981183
Corn,Haryana,2026-03-02,1399.8391339124996,-0.03905931495450227,1410.0183035652126,1406.5902381187461,1.4345653951672857
Corn,Haryana,2026-03-03,1430.9570384599635,0.037214168159699176,1430.0142365134502,1442.451692542605,5.085523213784988
Corn,Haryana,2026-03-04,1443.9910852791472,-0.041733027950366805,1448.9469650519372,1442.3826769970888,0.7537269386005123
Corn,Haryana,2026-03-05,1472.1544910534092,0.008656713114521389,1472.4444526840953,1480.356609554628,3.702200287575228
Corn,Haryana,2026-03-06,1469.2744348648241,0.06377070202019851,1464.8256652328412,1464.4258004007925,2.184365526342717
Corn,Haryana,2026-03-07,1466.408045064007,-0.04944653965011569,1466.989792626457,1477.4867460870673,4.884175734220613
Corn,Haryana,2026-03-08,1476.2452981364108,-0.016862374511453265,1479.603019770492,1472.2287041445368,4.661923386793374
Corn,Haryana,2026-03-09,1468.6182188654968,-0.021025296483104985,1482.1837253846745,1467.2460429750538,1.9026491594845298
Corn,Haryana,2026-03-10,1460.8337951939907,-0.10743975835669883,1466.9998450654375,1468.7060781973641,8.199982283715698
Corn,Haryana,2026-03-11,1450.0239224951897,-0.05543741458419297,1447.9514662187582,1444.619561950484,5.7281441133153574
Corn,Haryana,2026-03-12,1459.9608586882864,0.0053389111118848,1456.9456986432224,1465.638344616245,4.131569143805128
Corn,Haryana,2026-03-13,1436.7445134323789,-0.047813005616617235,1452.4677859949622,1442.2532973006432,5.1087539780050495
Corn,Haryana,2026-03-14,1441.1983316104256,-0.015682899361352167,1443.9850713619696,1454.6774841039392,8.529067285258332
Corn,Haryana,2026-03-15,1413.2092682645327,-0.05460260545852465,1418.1703122640522,1417.5128808571365,5.664064934314437
Corn,Haryana,2026-03-16,1411.130408078427,-0.12031093162770029,1406.2492432879862,1406.2235303396349,7.1318846885472
Corn,Haryana,2026-03-17,1389.7618811848245,0.09127955394963705,1387.8630072481033,1390.8478096969977,5.740459387999396
Corn,Haryana,2026-03-18,1387.7552956958766,0.027389592263267665,1381.5965199020754,1378.0734361666146,10.783212973672809
Corn,Haryana,2026-03-19,1383.9848495811584,0.00868328778301792,1383.0326149824184,1381.0825170256323,5.700212946501078
Corn,Haryana,2026-03-20,1385.080289601209,0.08078803407754104,1379.4308692523778,1402.3529866099425,5.113980016336935
Corn,Haryana,2026-03-21,1348.3975148064808,-0.016897660829476868,1346.4666313824605,1334.1844304072074,3.6085227007274963
Corn,Haryana,2026-03-22,1343.9741123557224,-0.04489343243839755,1353.5633252917667,1352.8236581279261,4.014164796056365
Corn,Haryana,2026-03-23,1363.5395218118963,-0.03299479393758446,1364.2997695182505,1337.8477255419766,6.6865872113009654
Corn,Haryana,2026-03-24,1370.5401172162026,-0.03962396318653878,1368.4378300449123,1364.9695022779774,4.214026199491991
Corn,Haryana,2026-03-25,1365.9003635951044,0.05117445809479579,1366.6383953621435,1370.3500789355849,7.44450277783581
Corn,Haryana,2026-03-26,1368.2852728953878,0.014959986329185389,1368.823342640145,1365.2294545861964,1.9558408043006539
Corn,Haryana,2026-03-27,1369.0341244872334,0.016299850834726824,1369.7439830924288,1361.4143111286878,7.760286896191923
Corn,Haryana,2026-03-28,1371.5767267610763,0.035932232780065694,1375.598068305288,1372.6661736263882,8.892877759964392
Corn,Haryana,2026-03-29,1403.8512672000588,0.07724699363594494,1409.580199068271,1405.6036703775048,6.2633635029479615
Corn,Haryana,2026-03-30,1401.1818055534309,0.047625138802065106,1394.6129567246967,1401.3937269395524,4.0174629125572325
Corn,Haryana,2026-03-31,1391.3686757026649,0.0064994706958243125,1386.5851776884679,1411.91764072254,7.1889337442037515
Corn,Haryana,2026-04-01,1389.2137859550653,-0.02438386108447644,1393.4809221268272,1383.754493896464,5.400211373673835
Corn,Haryana,2026-04-02,1394.0139236180987,0.0897036443569825,1402.5780084207668,1393.088551436083,5.911608918652512
Corn,Haryana,2026-04-03,1385.0652370192367,0.008891233646136832,1380.5757193554407,1402.1794903266984,6.383790450397669
Corn,Haryana,2026-04-04,1402.847028822576,0.007574233583704636,1401.811616738926,1395.764820608575,5.34764405768317
Corn,Haryana,2026-04-05,1386.467025586188,-0.01288287734990436,1383.1919799383688,1396.4878719040012,7.179349059799851
Corn,Haryana,2026-04-06,1366.4649872085533,-0.03647041561471463,1368.8251275435289,1353.0120856665694,3.2749656264998865
Corn,Haryana,2026-04-07,1341.4322194824674,-0.06145868302035256,1346.9999352250522,1331.1984884912724,3.981250363863321
Corn,Haryana,2026-04-08,1341.774055386637,-0.010558987139966287,1342.1796220116362,1332.6396242581625,2.9680016588157607
Corn,Haryana,2026-04-09,1345.3285456698602,-0.019529802635137594,1348.7958456327895,1343.5450766773683,7.832959001365721
Corn,Haryana,2026-04-10,1354.0786038858141,-0.11903675186412355,1344.702611240926,1339.5348629706402,5.490436082456502
Corn,Haryana,2026-04-11,1347.7816156632675,-0.006147052759680012,1343.4918161729483,1368.0803345456513,4.957953886594498
Corn,Haryana,2026-04-12,1350.6913207823768,0.07762259823329316,1344.5214676388441,1336.435139732791,6.523465515180476
Corn,Haryana,2026-04-13,1357.9047527229793,0.01573433460794961,1363.6628652211805,1356.867448194089,4.829710109579533
Corn,Haryana,2026-04-14,1362.276378620645,-0.08138223722629666,1360.2845696051168,1367.7068622562113,5.587376191124889
Corn,Haryana,2026-04-15,1369.5124745051003,0.023175735395480027,1354.5575733704734,1366.1272663508273,4.4184865238111
Corn,Haryana,2026-04-16,1366.707244970028,-0.021404900996552845,1367.85704906449,1358.8913200638053,7.259829748869745
Corn,Haryana,2026-04-17,1377.9436752479937,-0.01897085836009976,1382.3349196896318,1359.6716024866168,4.049931300011744
Corn,Himachal Pradesh,2026-01-08,1379.7807697576688,0.0554638177210814,1379.1637051433574,1365.6017159560267,4.570300201763698
Corn,Himachal Pradesh,2026-01-09,1379.6338979605723,-0.0656048478625517,1384.3641760963549,1368.837750478725,1.684398686277642
Corn,Himachal Pradesh,2026-01-10,1369.3405828263467,-0.10602255065994454,1365.3302580728432,1370.6364321098747,2.3676573609651714
Corn,Himachal Pradesh,2026-01-11,1381.6846244401536,-0.005092995544433461,1386.6987327772279,1381.764073808222,6.715930704743206
Corn,Himachal Pradesh,2026-01-12,1405.612027547904,-0.07444019410296379,1407.2768981437675,1413.8576629886786,4.110315455432548
Corn,Himachal Pradesh,2026-01-13,1407.7195153070954,0.0025485519516039823,1399.1658330310993,1418.6981097663736,3.416820651256636
Corn,Himachal Pradesh,2026-01-14,1378.6173896199073,-0.07253616245881377,1373.1954851120759,1372.8248216694474,4.671106493924598
Corn,Himachal Pradesh,2026-01-15,1359.9041063458862,0.038837017608669415,1357.3958402921587,1347.5471104828603,3.9223480966015325
Corn,Himachal Pradesh,2026-01-16,1366.224754553908,0.0309674031456775,1370.414109738931,1367.423694695038,5.429502803470105
Corn,Himachal Pradesh,2026-01-17,1370.5154931085813,-0.0026166326673267653,1378.0873440939636,1348.6665843203498,5.5365458670665255
Corn,Himachal Pradesh,2026-01-18,1338.4073257224204,-0.06973638909643842,1333.9009727683494,1338.733901730058,3.439836002548917
Corn,Himachal Pradesh,2026-01-19,1350.8743100829997,-0.05296131649430527,1346.315119138886,1367.1297743699859,1.2188613799136245
Corn,Himachal Pradesh,2026-01-20,1343.2459137877559,0.04158313476151437,1340.4858518318274,1324.8715174520771,4.0667398291241685
Corn,Himachal Pradesh,2026-01-21,1341.8140071925484,-0.02792613933348191,1340.7992876855412,1331.6785842250576,5.819618374655613
Corn,Himachal Pradesh,2026-01-22,1344.545031518263,-0.01811098221579129,1340.0336609778203,1342.3900075052138,2.5518026926584954
Corn,Himachal Pradesh,2026-01-23,1351.1159482607447,0.08504696942113638,1351.8361982808476,1352.2752705026294,2.701077060204538
Corn,Himachal Pradesh,2026-01-24,1339.9348247927303,-0.016209283321947286,1337.4639613739384,1329.6923427496804,4.314277299861172
Corn,Himachal Pradesh,2026-01-25,1328.809854062067,-0.03319282698133511,1324.7237937313012,1339.1588002827405,4.910398915879459
Corn,Himachal Pradesh,2026-01-26,1351.648568960616,-0.02382978280073883,1351.190021214877,1348.6952901517384,1.8206924377677263
Corn,Himachal Pradesh,2026-01-27,1359.0263809482935,-0.0868180960491018,1361.0983335946921,1357.2417955352905,4.021314869640496
Corn,Himachal Pradesh,2026-01-28,1385.5100655289923,0.005528278812043256,1387.4192100628381,1374.0949033092957,5.0563944672297465
Corn,Himachal Pradesh,2026-01-29,1390.3712387627,0.015060864533617522,1391.4496838830673,1378.9487514749999,5.976876865491925
Corn,Himachal Pradesh,2026-01-30,1376.4627775875244,0.06852429812999229,1374.1426220659766,1387.059801701311,2.8733779053269677
Corn,Himachal Pradesh,2026-01-31,1365.654509121932,0.07587473618985657,1363.297780732236,1375.1558949058776,5.027119205165324
Corn,Himachal Pradesh,2026-02-01,1366.035497641486,0.016417558104772283,1362.0855987225914,1387.9688522694757,6.481093557266541
Corn,Himachal Pradesh,2026-02-02,1347.3548007281347,0.008389888096711559,1347.5320505909033,1339.5009160119173,5.736843722534944
Corn,Himachal Pradesh,2026-02-03,1353.6721875686344,-0.11353105296720223,1348.965210821126,1338.517495018062,4.286690299864484
Corn,Himachal Pradesh,2026-02-04,1357.9366735347346,0.013523729115433992,1359.0394638414994,1353.7309064563092,6.4902183577772865
Corn,Himachal Pradesh,2026-02-05,1366.9675600482437,0.00020094522974010285,1371.293222842191,1386.3115660529388,7.38167512350407
Corn,Himachal Pradesh,2026-02-06,1384.948114208216,-0.012308458811208801,1377.3318090576577,1387.8198564452769,8.021754408254784
Corn,Himachal Pradesh,2026-02-07,1374.896766567726,0.04939582004881146,1378.0623965737798,1368.1669929739573,5.237487072449763
Corn,Himachal Pradesh,2026-02-08,1366.18014074791,-0.01677408558998942,1358.1321564570233,1382.423974002109,5.449800282721316
Corn,Himachal Pradesh,2026-02-09,1388.6475156874621,-0.08627420234252353,1394.4331928130478,1371.7212980770314,4.638016508412581
Corn,Himachal Pradesh,2026-02-10,1414.0586569230968,0.05755217095466075,1421.0148314828402,1433.5182001558428,5.486174187150066
Corn,Himachal Pradesh,2026-02-11,1401.8595675555146,0.0016798984914707723,1411.220138343475,1418.2054087714748,2.2231309893506657
Corn,Himachal Pradesh,2026-02-12,1419.4910166919872,0.011154761195075465,1418.9307340188268,1412.3288521936274,4.909205980360343
Corn,Himachal Pradesh,2026-02-13,1410.2210224965988,-0.03420678814642826,1404.168188352133,1413.7014866211439,4.089163337978851
Corn,Himachal Pradesh,2026-02-14,1435.7877064997622,0.0519721140947393,1440.9708246494024,1434.6217983104234,4.440468990480064
Corn,Himachal Pradesh,2026-02-15,1434.994653598266,0.053500166112462305,1433.7882575897306,1432.273092759554,5.758000168772314
Corn,Himachal Pradesh,2026-02-16,1425.5914504850489,-0.026869634742546784,1427.25885560641,1438.4229932461392,6.158718580001476
Corn,Himachal Pradesh,2026-02-17,1425.4913783343773,-0.06828398416087077,1419.901239739893,1405.6222543964338,8.13314696459323
Corn,Himachal Pradesh,2026-02-18,1436.068135962779,0.018751660696382247,1435.7534564530392,1433.1278569987583,3.7667456390981657
Corn,Himachal Pradesh,2026-02-19,1444.5910822671094,0.024345052056165935,1443.9771074136797,1444.3993379707915,6.320370048838486
Corn,Himachal Pradesh,2026-02-20,1426.1711920965076,0.00036890112455591884,1430.5774587453736,1423.436352727898,4.58831793512316
Corn,Himachal Pradesh,2026-02-21,1407.1915098534553,-0.02012023174838866,1401.4002947535084,1398.1625829901427,9.230676140858513
Corn,Himachal Pradesh,2026-02-22,1409.698284579216,-0.062386889203210075,1414.6436170809984,1402.2049584667568,7.040271220189799
Corn,Himachal Pradesh,2026-02-23,1400.5268713140294,0.05113580573542349,1402.8642376000937,1397.3425590700901,6.850542056634121
Corn,Himachal Pradesh,2026-02-24,1384.247984208673,-0.030419500281556114,1381.7876585977067,1392.2721682799304,5.835573823941777
Corn,Himachal Pradesh,2026-02-25,1384.3921097648845,-0.0772836255687264,1390.3819620124816,1365.8657887958377,5.003879211425384
Corn,Himachal Pradesh,2026-02-26,1377.9741817114748,0.02823116681698348,1378.2896555952714,1357.9660134768465,2.9322711429863406
Corn,Himachal Pradesh,2026-02-27,1391.7782853552537,0.010062094216978717,1393.0038080848612,1399.433867546182,5.4065991946846985
Corn,Himachal Pradesh,2026-02-28,1395.9321060202174,-0.07015368163889327,1395.9800325545818,1401.4570318466308,4.4682149474817505
Corn,Himachal Pradesh,2026-03-01,1399.791393240719,-0.006626680732556874,1404.92945269302,1396.1913571541781,3.3485510760683934
Corn,Himachal Pradesh,2026-03-02,1384.7707786891274,0.0513957746269974,1387.4650682950316,1387.0838028817138,1.826261353788471
Corn,Himachal Pradesh,2026-03-03,1399.1915368363236,-0.0038217744629757827,1397.3206383140523,1407.2642011006035,5.98942304708806
Corn,Himachal Pradesh,2026-03-04,1378.4832168784762,0.0422485454642455,1374.6909773239852,1373.2753240442016,4.533761438903041
Corn,Himachal Pradesh,2026-03-05,1391.3669790410518,-0.008886588888778007,1401.6257216412337,1389.9006164932412,6.163584138981898
Corn,Himachal Pradesh,2026-03-06,1436.7928810059207,0.05622749591803225,1429.5324300328914,1430.3960715368926,3.8438456882649032
Corn,Himachal Pradesh,2026-03-07,1439.3778543763715,-0.02743655909245118,1447.288216516943,1446.0055950296005,3.4631865148338647
Corn,Himachal Pradesh,2026-03-08,1433.1733644125918,-0.06724851175350591,1434.7354648674493,1428.7190855470988,4.366677288918324
Corn,Himachal Pradesh,2026-03-09,1424.0627811773536,0.07309639367709846,1424.4269232050997,1400.930849562025,3.676463300561749
Corn,Himachal Pradesh,2026-03-10,1428.395673049746,-0.040995942442910535,1422.8309282834816,1426.6813102715419,6.247643099871044
Corn,Himachal Pradesh,2026-03-11,1418.549254032909,-0.059185236199971826,1409.8164142645944,1426.8858284560865,4.902644664295389
Corn,Himachal Pradesh,2026-03-12,1405.3592502392257,-0.059772710790782294,1412.4198674654674,1410.0205781408936,1.6659458157978313
Corn,Himachal Pradesh,2026-03-13,1416.834858663083,-0.03393662190970237,1417.4994411853625,1418.9796431436914,3.297503550320622
Corn,Himachal Pradesh,2026-03-14,1420.417199913117,-0.052206471378242574,1426.5677343000627,1405.7352389673129,3.64434117871893
Corn,Himachal Pradesh,2026-03-15,1407.8049550601309,0.00735955647332235,1411.9386963584047,1399.33351255078,6.696355562904877
Corn,Himachal Pradesh,2026-03-16,1387.338316673014,0.008450035202931491,1394.589155159628,1376.8752937925751,5.333575095180681
Corn,Himachal Pradesh,2026-03-17,1390.0505210739423,-0.0644690346887855,1391.7022330525945,1392.4556710226614,5.065214142954175
Corn,Himachal Pradesh,2026-03-18,1382.3744773645385,-0.05678077118583134,1373.9728703440433,1370.5925981708604,6.295899084577917
Corn,Himachal Pradesh,2026-03-19,1358.063034022345,0.07958168049851794,1362.0838906415056,1348.7268730727985,5.990541439220875
Corn,Himachal Pradesh,2026-03-20,1355.7797892412736,-0.04728426070762606,1349.9479588906413,1349.3052807967308,7.425539594011154
Corn,Himachal Pradesh,2026-03-21,1379.8806153585413,-0.028936891056654097,1380.5445844363908,1376.2553558869115,6.862167507572021
Corn,Himachal Pradesh,2026-03-22,1365.0053547801247,0.0023659035806849497,1372.1798880857564,1364.0201618574076,6.962744104241224
Corn,Himachal Pradesh,2026-03-23,1360.1827416164715,0.0031242546672095107,1367.1735962450605,1357.1580502278948,2.1053799598572205
Corn,Himachal Pradesh,2026-03-24,1362.6099796108028,-0.03397111388986009,1355.8385653915905,1350.8706972402417,6.094153337238296
Corn,Himachal Pradesh,2026-03-25,1393.681736199938,-0.0048505072790757595,1395.0585709059062,1388.0244290681164,5.500233874066131
Corn,Himachal Pradesh,2026-03-26,1419.4158584757147,-0.034540565606938925,1420.1471474433754,1423.3063135306086,3.8697181052577005
Corn,Himachal Pradesh,2026-03-27,1427.7822759348537,-0.04284181506939891,1433.4433975677164,1432.586433624568,9.049621847480736
Corn,Himachal Pradesh,2026-03-28,1436.9554364891617,0.04909689398556035,1430.503549450149,1421.1340792563176,7.271200294159886
Corn,Himachal Pradesh,2026-03-29,1441.6971163393837,0.11847803381939337,1443.7621790763835,1427.3517685191775,4.209016359979192
Corn,Himachal Pradesh,2026-03-30,1436.6160858122319,0.04180988247550335,1435.447908657835,1435.1423366018737,7.799009771994781
Corn,Himachal Pradesh,2026-03-31,1424.4874919986078,-0.10547189176230609,1424.6686100562442,1438.2393486925866,5.928679652172831
Corn,Himachal Pradesh,2026-04-01,1453.4281802367336,0.020922568750878667,1463.1294410188905,1460.154982919482,7.462952182559567
Corn,Himachal Pradesh,2026-04-02,1443.0696363953905,0.05722212776992052,1448.917208682684,1441.2044142517123,2.860321307921747
Corn,Himachal Pradesh,2026-04-03,1462.5942001643277,-0.06678753097456906,1460.1003749662086,1463.677333879734,6.919427603005236
Corn,Himachal Pradesh,2026-04-04,1476.5960792884625,0.0429560175787391,1479.5180274741833,1492.5011137331776,3.330560386800987
Corn,Himachal Pradesh,2026-04-05,1462.83134533229,0.07281879964467401,1468.6559696084826,1463.114124467954,6.944055519853291
Corn,Himachal Pradesh,2026-04-06,1453.013709170434,-0.0158380000448893,1449.7931619245462,1441.2690620962205,5.093151670403142
Corn,Himachal Pradesh,2026-04-07,1433.308983771813,0.002712824986426106,1436.002876456516,1438.467286912364,6.146670306410024
Corn,Himachal Pradesh,2026-04-08,1449.530581224035,-0.014467916546870439,1455.0166208362882,1453.1392925445762,5.479498761627193
Corn,Himachal Pradesh,2026-04-09,1453.8707769057407,-0.06588933872168445,1450.2102351745907,1455.7326799362763,6.630694006364314
Corn,Himachal Pradesh,2026-04-10,1462.801714181937,-0.02589540367249031,1458.3317848688898,1451.3390704456986,2.526053606137416
Corn,Himachal Pradesh,2026-04-11,1482.031865344387,-0.08355027787548647,1483.4371049824545,1459.275162009568,7.596214106865547
Corn,Himachal Pradesh,2026-04-12,1483.6717028358032,0.03705150064133019,1487.4585212670293,1485.827499518796,6.77333460095179
Corn,Himachal Pradesh,2026-04-13,1493.0778949240998,0.04429519220193383,1488.4032386218444,1476.4530733688075,4.6637324148919985
Corn,Himachal Pradesh,2026-04-14,1484.6825823519862,-0.06014284895486832,1484.2233393404827,1485.9184839875554,5.747542510631795
Corn,Himachal Pradesh,2026-04-15,1476.3949381484308,0.12604033024620798,1485.1264787936022,1483.5991161674606,7.731774316152405
Corn,Himachal Pradesh,2026-04-16,1466.8093256788611,0.029274088978305524,1471.6218501123274,1477.4809788514142,6.2013359457069015
Corn,Himachal Pradesh,2026-04-17,1479.7900879902768,-0.01805993475314166,1482.080807065966,1477.5203920664503,6.060789963678831
